"ID","Title","Attachments","Created By","Created On","Estimate","Forecast","Priority","References","Section","Section Depth","Section Description","Suite","Suite ID","Type","Updated By","Updated On","is_converted"
"C46","Validate Landing Page for Recruiters","","Yhomarys Pinzon","8/24/2026 1:50 PM","","","Medium","HUN-15","For companies","1","","Master","S6","Functional","Yhomarys Pinzon","9/10/2026 2:27 PM","1"
"C47","Verify visual incentives to access the candidate list.","","Yhomarys Pinzon","8/24/2026 2:08 PM","","","Medium","HUN-15","For companies","1","","Master","S6","Functional","Yhomarys Pinzon","9/10/2026 2:27 PM","1"
"C48","Verify visibility and action element redirection to complete registration.","","Yhomarys Pinzon","8/24/2026 2:25 PM","","","Medium","HUN-1","For companies","1","","Master","S6","Functional","Yhomarys Pinzon","8/24/2026 3:12 PM","1"
"C49","Verify market comparison table display and data accuracy.","","Yhomarys Pinzon","8/24/2026 2:31 PM","","","Medium","HUN-15","For companies","1","","Master","S6","Functional","Yhomarys Pinzon","9/10/2026 2:27 PM","1"
"C50","Verify CEO testimonial display and content accuracy.","","Yhomarys Pinzon","8/24/2026 2:37 PM","","","Medium","HUN-15","For companies","1","","Master","S6","Functional","Yhomarys Pinzon","9/10/2026 2:28 PM","1"
"C51","Verify partner company logos section display.","","Yhomarys Pinzon","8/24/2026 2:42 PM","","","Medium","HUN-15","For companies","1","","Master","S6","Functional","Yhomarys Pinzon","9/10/2026 2:28 PM","1"
"C52","Verify View Top 100 action element visibility and redirection.","","Yhomarys Pinzon","8/24/2026 2:57 PM","","","Medium","HUN-15","For companies","1","","Master","S6","Functional","Yhomarys Pinzon","9/10/2026 2:29 PM","1"
"C53","Verify default routing to engineers view for unauthenticated users.","","Yhomarys Pinzon","8/24/2026 3:14 PM","","","Medium","HUN-15","For engineers","1","","Master","S6","Functional","Yhomarys Pinzon","9/10/2026 2:39 PM","1"
"C54","Verify visibility and submission of quick registration form via email.","","Yhomarys Pinzon","8/24/2026 3:24 PM","","","Medium","HUN-15","For engineers","1","","Master","S6","Functional","Yhomarys Pinzon","9/10/2026 2:39 PM","1"
"C55","Verify email form submission with empty field.","","Yhomarys Pinzon","8/24/2026 3:28 PM","","","Medium","HUN-15","For engineers","1","","Master","S6","Functional","Yhomarys Pinzon","9/10/2026 2:40 PM","1"
"C56","Verify email form submission with invalid email format.","","Yhomarys Pinzon","8/24/2026 3:37 PM","","","Medium","HUN-15","For engineers","1","","Master","S6","Functional","Yhomarys Pinzon","9/10/2026 2:40 PM","1"
"C57","Verify email form submission with an already registered email.","","Yhomarys Pinzon","8/24/2026 3:40 PM","","","Medium","HUN-15","For engineers","1","","Master","S6","Functional","Yhomarys Pinzon","9/10/2026 2:40 PM","1"
"C58","Check the visibility and redirection of the ""GET OFFERS"" action element.","","Yhomarys Pinzon","8/24/2026 3:45 PM","","","Medium","HUN-15","For engineers","1","","Master","S6","Functional","Yhomarys Pinzon","9/10/2026 2:40 PM","1"
"C59","Verify visibility and redirection of Google authentication button.","","Yhomarys Pinzon","8/24/2026 3:47 PM","","","Medium","HUN-15","For engineers","1","","Master","S6","Functional","Yhomarys Pinzon","9/10/2026 2:41 PM","1"
"C60","Verify visibility and redirection of LinkedIn authentication button.","","Yhomarys Pinzon","8/24/2026 3:51 PM","","","Medium","HUN-15","For engineers","1","","Master","S6","Functional","Yhomarys Pinzon","9/10/2026 2:41 PM","1"
"C61","Verify visibility and redirection of GitHub authentication button.","","Yhomarys Pinzon","8/24/2026 3:53 PM","","","Medium","HUN-15","For engineers","1","","Master","S6","Functional","Yhomarys Pinzon","9/10/2026 2:41 PM","1"
"C62","Verify display and data accuracy of job shortcut cards.","","Yhomarys Pinzon","8/24/2026 4:08 PM","","","Medium","HUN-15","For engineers","1","","Master","S6","Functional","Yhomarys Pinzon","9/10/2026 2:41 PM","1"
"C63","Verify visibility and APPLY action element redirection in job shortcuts.","","Yhomarys Pinzon","8/24/2026 4:11 PM","","","Medium","HUN-15","For engineers","1","","Master","S6","Functional","Yhomarys Pinzon","9/10/2026 2:42 PM","1"
"C64","Verify display and layout of Web3 link categories in footer.","","Yhomarys Pinzon","8/24/2026 4:22 PM","","","Medium","HUN-15","For engineers","1","","Master","S6","Functional","Yhomarys Pinzon","9/10/2026 2:42 PM","1"
"C65","Verify redirection trigger on individual footer Web3 links.","","Yhomarys Pinzon","8/24/2026 4:24 PM","","","Medium","HUN-15","For engineers","1","","Master","S6","Functional","Yhomarys Pinzon","9/10/2026 2:42 PM","1"
"C66","Verify replacement of registration form with mobile promo banner for authorized users.","","Yhomarys Pinzon","8/24/2026 4:29 PM","","","Medium","HUN-15","For engineers","1","","Master","S6","Functional","Yhomarys Pinzon","9/10/2026 2:43 PM","1"
"C67","Verify visibility and integrity of mobile promo banner elements.","","Yhomarys Pinzon","8/24/2026 4:38 PM","","","Medium","HUN-15","For engineers","1","","Master","S6","Functional","Yhomarys Pinzon","9/10/2026 2:43 PM","1"
"C68","Verify redirection trigger on individual mobile banner action elements.","","Yhomarys Pinzon","8/24/2026 4:46 PM","","","Medium","HUN-15","For engineers","1","","Master","S6","Functional","Yhomarys Pinzon","9/10/2026 2:43 PM","1"
"C69","Verify display and data integrity of engineers testimonials section.","","Yhomarys Pinzon","8/24/2026 4:53 PM","","","Medium","HUN-15","For engineers","1","","Master","S6","Functional","Yhomarys Pinzon","9/10/2026 2:43 PM","1"
"C70","Verify carrousel pagination and minimum threshold for testimonials.","","Yhomarys Pinzon","8/24/2026 4:56 PM","","","Medium","HUN-15","For engineers","1","","Master","S6","Functional","Yhomarys Pinzon","9/10/2026 2:44 PM","1"
"C71","Verify filter panel visibility for unauthenticated visitors.","","Yhomarys Pinzon","8/24/2026 5:28 PM","","","Medium","HUN-4","Filters","1","","Master","S6","Functional","Yhomarys Pinzon","8/24/2026 5:31 PM","1"
"C72","Verify filter restriction and access prompt display for visitors.","","Yhomarys Pinzon","8/24/2026 5:34 PM","","","Medium","HUN-4","Filters","1","","Master","S6","Functional","Yhomarys Pinzon","8/24/2026 5:36 PM","1"
"C73","Verify action elements redirection on filter access prompt.","","Yhomarys Pinzon","8/24/2026 5:36 PM","","","Medium","HUN-4","Filters","1","","Master","S6","Functional","Yhomarys Pinzon","8/24/2026 5:38 PM","1"
"C74","Verify visibility and expansion of Role dropdown menu.","","Yhomarys Pinzon","8/24/2026 5:44 PM","","","Medium","HUN-4","Filters","1","","Master","S6","Functional","Yhomarys Pinzon","8/24/2026 5:45 PM","1"
"C75","Verify input behavior and role entry restriction in Role field.","","Yhomarys Pinzon","8/24/2026 5:46 PM","","","Medium","HUN-4","Filters","1","","Master","S6","Functional","Yhomarys Pinzon","8/24/2026 5:48 PM","1"
"C76","Verify candidates list behavior with empty Role field.","","Yhomarys Pinzon","8/24/2026 5:48 PM","","","Medium","HUN-4","Filters","1","","Master","S6","Functional","Yhomarys Pinzon","8/24/2026 6:00 PM","1"
"C77","Verify visibility and expansion of Technologies dropdown menu.","","Yhomarys Pinzon","8/24/2026 6:02 PM","","","Medium","HUN-4","Filters","1","","Master","S6","Functional","Yhomarys Pinzon","8/24/2026 6:03 PM","1"
"C78","Verify input behavior and restriction in Technologies field.","","Yhomarys Pinzon","8/24/2026 6:04 PM","","","Medium","HUN-4","Filters","1","","Master","S6","Functional","Yhomarys Pinzon","8/24/2026 6:06 PM","1"
"C79","Verify candidates list behavior with empty Technologies field.","","Yhomarys Pinzon","8/24/2026 6:06 PM","","","Medium","HUN-4","Filters","1","","Master","S6","Functional","Yhomarys Pinzon","8/24/2026 6:07 PM","1"
"C80","Verify visibility of Desired Base Salary filter and period selectors.","","Yhomarys Pinzon","8/24/2026 6:10 PM","","","Medium","HUN-4","Filters","1","","Master","S6","Functional","Yhomarys Pinzon","8/24/2026 6:11 PM","1"
"C81","Verify sliding control behavior for salary range adjustment.","","Yhomarys Pinzon","8/24/2026 6:11 PM","","","Medium","HUN-4","Filters","1","","Master","S6","Functional","Yhomarys Pinzon","8/24/2026 6:13 PM","1"
"C82","Verify value toggle between Annual and Monthly selectors.","","Yhomarys Pinzon","8/24/2026 6:14 PM","","","Medium","HUN-4","Filters","1","","Master","S6","Functional","Yhomarys Pinzon","8/24/2026 6:17 PM","1"
"C83","Verify visibility and expansion of English level dropdown menu.","","Yhomarys Pinzon","8/24/2026 6:20 PM","","","Medium","HUN-4","Filters","1","","Master","S6","Functional","Yhomarys Pinzon","8/24/2026 6:21 PM","1"
"C84","Verify selection and filter application in English level field.","","Yhomarys Pinzon","8/24/2026 6:21 PM","","","Medium","HUN-4","Filters","1","","Master","S6","Functional","Yhomarys Pinzon","8/24/2026 6:22 PM","1"
"C85","Verify candidates list behavior with empty English level field.","","Yhomarys Pinzon","8/24/2026 6:22 PM","","","Medium","HUN-4","Filters","1","","Master","S6","Functional","Yhomarys Pinzon","8/24/2026 6:23 PM","1"
"C86","Verify visibility of Location filter and map toggle behavior.","","Yhomarys Pinzon","8/24/2026 6:25 PM","","","Medium","HUN-4","Filters","1","","Master","S6","Functional","Yhomarys Pinzon","8/24/2026 6:27 PM","1"
"C87","Verify sliding control behavior for timezone range adjustment.","","Yhomarys Pinzon","8/24/2026 6:27 PM","","","Medium","HUN-4","Filters","1","","Master","S6","Functional","Yhomarys Pinzon","8/24/2026 6:29 PM","1"
"C88","Verify Country/City tab switch and input behavior.","","Yhomarys Pinzon","8/24/2026 6:29 PM","","","Medium","HUN-4","Filters","1","","Master","S6","Functional","Yhomarys Pinzon","8/24/2026 6:30 PM","1"
"C89","Verify candidate list layout in visual card format.","","Yhomarys Pinzon","8/24/2026 6:47 PM","","","Medium","HUN-4","Candidates and Candidate profile","1","","Master","S6","Functional","Yhomarys Pinzon","8/24/2026 6:49 PM","1"
"C90","Verify candidate visual card contents and section rendering.","","Yhomarys Pinzon","8/24/2026 6:49 PM","","","Medium","HUN-4","Candidates and Candidate profile","1","","Master","S6","Other","Yhomarys Pinzon","8/24/2026 6:52 PM","1"
"C91","Verify visibility of the show experience toggle button on candidate card.","","Yhomarys Pinzon","8/24/2026 6:52 PM","","","Medium","HUN-4","Candidates and Candidate profile","1","","Master","S6","Functional","Yhomarys Pinzon","8/24/2026 6:55 PM","1"
"C92","Verify expansion and collapse behavior of candidate professional history.","","Yhomarys Pinzon","8/24/2026 6:55 PM","","","Medium","HUN-4","Candidates and Candidate profile","1","","Master","S6","Functional","Yhomarys Pinzon","8/25/2026 4:04 PM","1"
"C93","Verify visibility of the start chat action element on candidate card.","","Yhomarys Pinzon","8/25/2026 1:34 PM","","","Medium","HUN-5","Candidates and Candidate profile","1","","Master","S6","Functional","Yhomarys Pinzon","8/25/2026 3:59 PM","1"
"C94","Verify redirection and direct chat initiation with the candidate.","","Yhomarys Pinzon","8/25/2026 1:37 PM","","","Medium","HUN-5","Candidates and Candidate profile","1","","Master","S6","Functional","Yhomarys Pinzon","8/25/2026 3:36 PM","1"
"C95","Verify incomplete profile alert when starting chat.","","Yhomarys Pinzon","8/25/2026 1:47 PM","","","Medium","HUN-5","Candidates and Candidate profile","1","","Master","S6","Functional","Yhomarys Pinzon","8/25/2026 3:38 PM","1"
"C96","Verify candidate profile opening in a new browser tab.","","Yhomarys Pinzon","8/25/2026 1:57 PM","","","Medium","HUN-4","Candidates and Candidate profile","1","","Master","S6","Functional","Yhomarys Pinzon","8/25/2026 4:05 PM","1"
"C97","Verify candidate contact data masking before chat initiation.","","Yhomarys Pinzon","8/25/2026 2:04 PM","","","Medium","HUN-5","Candidates and Candidate profile","1","","Master","S6","Functional","Yhomarys Pinzon","8/25/2026 3:37 PM","1"
"C98","Verify ascending chronological order of candidate professional history.","","Yhomarys Pinzon","8/25/2026 2:22 PM","","","Medium","HUN-4","Candidates and Candidate profile","1","","Master","S6","Functional","Yhomarys Pinzon","8/25/2026 4:06 PM","1"
"C99","Validate the empty email field.","","Yhomarys Pinzon","8/25/2026 2:50 PM","","","Medium","HUN-3","3. Sign Up","0","","Master","S6","Functional","Yhomarys Pinzon","8/25/2026 4:34 PM","1"
"C100","Validate the email field with an invalid format.","","Yhomarys Pinzon","8/25/2026 4:35 PM","","","Medium","HUN-3","3. Sign Up","0","","Master","S6","Functional","Yhomarys Pinzon","8/25/2026 4:39 PM","1"
"C101","Verify registered email validation.","","Yhomarys Pinzon","8/25/2026 4:43 PM","","","High","HUN-3","3. Sign Up","0","","Master","S6","Functional","Yhomarys Pinzon","8/25/2026 4:46 PM","1"
"C102","Validate the ""Email"" field with a valid format.","","Yhomarys Pinzon","8/25/2026 4:47 PM","","","High","HUN-3","3. Sign Up","0","","Master","S6","Functional","Yhomarys Pinzon","8/25/2026 4:50 PM","1"
"C103","Verify empty password field.","","Yhomarys Pinzon","8/25/2026 5:17 PM","","","Medium","HUN-3","3. Sign Up","0","","Master","S6","Functional","Yhomarys Pinzon","8/25/2026 5:25 PM","1"
"C104","Validate the ""Password"" field with a valid format.","","Yhomarys Pinzon","8/26/2026 1:44 PM","","","High","HUN-3","3. Sign Up","0","","Master","S6","Functional","Yhomarys Pinzon","8/26/2026 4:06 PM","1"
"C105","Validate the password field visibility icon.","","Yhomarys Pinzon","8/26/2026 1:55 PM","","","Medium","HUN-3","3. Sign Up","0","","Master","S6","Functional","Yhomarys Pinzon","8/26/2026 4:04 PM","1"
"C106","Validate password length below minimum.","","Yhomarys Pinzon","8/26/2026 1:58 PM","","","High","HUN-3","3. Sign Up","0","","Master","S6","Functional","Yhomarys Pinzon","8/26/2026 5:46 PM","1"
"C107","Validate the minimum character limit for the password.","","Yhomarys Pinzon","8/26/2026 2:08 PM","","","High","HUN-3","3. Sign Up","0","","Master","S6","Functional","Yhomarys Pinzon","8/26/2026 2:21 PM","1"
"C108","Validate the maximum character limit for the password.","","Yhomarys Pinzon","8/26/2026 2:13 PM","","","Medium","HUN-3","3. Sign Up","0","","Master","S6","Functional","Yhomarys Pinzon","8/26/2026 2:21 PM","1"
"C109","Validate password length above maximum.","","Yhomarys Pinzon","8/26/2026 2:23 PM","","","Medium","HUN-3","3. Sign Up","0","","Master","S6","Functional","Yhomarys Pinzon","8/26/2026 11:32 PM","1"
"C110","Validate password format containing only numbers.","","Yhomarys Pinzon","8/26/2026 2:35 PM","","","High","HUN-3","3. Sign Up","0","","Master","S6","Functional","Yhomarys Pinzon","8/26/2026 2:49 PM","1"
"C112","Validate password format containing only lowercase letters.","","Yhomarys Pinzon","8/26/2026 2:51 PM","","","High","HUN-3","3. Sign Up","0","","Master","S6","Functional","Yhomarys Pinzon","8/26/2026 2:55 PM","1"
"C113","Validate password format containing only uppercase letters","","Yhomarys Pinzon","8/26/2026 2:55 PM","","","High","HUN-3","3. Sign Up","0","","Master","S6","Functional","Yhomarys Pinzon","8/26/2026 3:02 PM","1"
"C111","Validate password format containing only special characters.","","Yhomarys Pinzon","8/26/2026 2:49 PM","","","High","HUN-3","3. Sign Up","0","","Master","S6","Functional","Yhomarys Pinzon","8/26/2026 3:07 PM","1"
"C114","Validate password format without special characters.","","Yhomarys Pinzon","8/26/2026 3:07 PM","","","High","HUN-3","3. Sign Up","0","","Master","S6","Other","Yhomarys Pinzon","8/26/2026 3:10 PM","1"
"C115","Validate password format without numeric characters.","","Yhomarys Pinzon","8/26/2026 3:11 PM","","","High","HUN-3","3. Sign Up","0","","Master","S6","Functional","Yhomarys Pinzon","8/26/2026 3:13 PM","1"
"C116","Validate password format without alphabetic characters.","","Yhomarys Pinzon","8/26/2026 3:15 PM","","","High","HUN-3","3. Sign Up","0","","Master","S6","Functional","Yhomarys Pinzon","8/26/2026 3:17 PM","1"
"C117","Validate space characters in the password.","","Yhomarys Pinzon","8/26/2026 3:33 PM","","","Medium","HUN-3","3. Sign Up","0","","Master","S6","Functional","Yhomarys Pinzon","8/26/2026 3:46 PM","1"
"C118","Validate empty ""repeat password"" field.","","Yhomarys Pinzon","8/26/2026 3:47 PM","","","High","HUN-3","3. Sign Up","0","","Master","S6","Functional","Yhomarys Pinzon","8/26/2026 3:52 PM","1"
"C119","Validate incorrect password confirmation.","","Yhomarys Pinzon","8/26/2026 3:53 PM","","","High","HUN-3","3. Sign Up","0","","Master","S6","Functional","Yhomarys Pinzon","8/26/2026 3:56 PM","1"
"C120","Validate the visibility icon for the ""repeat password"" field.","","Yhomarys Pinzon","8/26/2026 4:01 PM","","","Medium","HUN-3","3. Sign Up","0","","Master","S6","Functional","Yhomarys Pinzon","8/26/2026 4:03 PM","1"
"C121","Validate the visibility of the ""Create Account"" button.","","Yhomarys Pinzon","8/26/2026 4:17 PM","","","Medium","HUN-3","3. Sign Up","0","","Master","S6","Functional","Yhomarys Pinzon","8/26/2026 4:19 PM","1"
"C122","Validate the hover effect for the ""Create Account"" button.","","Yhomarys Pinzon","8/26/2026 4:22 PM","","","Low","HUN-3","3. Sign Up","0","","Master","S6","Functional","Yhomarys Pinzon","8/26/2026 4:25 PM","1"
"C123","Validate the ""Create Account"" button redirect.","","Yhomarys Pinzon","8/26/2026 4:26 PM","","","High","HUN-3","3. Sign Up","0","","Master","S6","Functional","Yhomarys Pinzon","8/26/2026 4:29 PM","1"
"C124","Validate profile options after registration.","","Yhomarys Pinzon","8/26/2026 4:30 PM","","","High","HUN-3","3. Sign Up","0","","Master","S6","Functional","Yhomarys Pinzon","8/26/2026 4:36 PM","1"
"C125","Validate the visibility of the Google button.","","Yhomarys Pinzon","8/26/2026 4:39 PM","","","Medium","HUN-3","3. Sign Up","0","","Master","S6","Functional","Yhomarys Pinzon","8/26/2026 4:41 PM","1"
"C126","Validate Google button hover effect.","","Yhomarys Pinzon","8/26/2026 4:42 PM","","","Medium","HUN-3","3. Sign Up","0","","Master","S6","Functional","Yhomarys Pinzon","8/26/2026 4:43 PM","1"
"C127","Validate registration via Google.","","Yhomarys Pinzon","8/26/2026 4:44 PM","","","High","HUN-3","3. Sign Up","0","","Master","S6","Functional","Yhomarys Pinzon","8/26/2026 4:47 PM","1"
"C128","Validate LinkedIn button visibility.","","Yhomarys Pinzon","8/26/2026 4:57 PM","","","Medium","HUN-3","3. Sign Up","0","","Master","S6","Functional","Yhomarys Pinzon","8/26/2026 4:58 PM","1"
"C129","Validate the LinkedIn button's hover effect.","","Yhomarys Pinzon","8/26/2026 4:58 PM","","","Medium","HUN-3","3. Sign Up","0","","Master","S6","Functional","Yhomarys Pinzon","8/26/2026 4:59 PM","1"
"C130","Validate registration via LinkedIn.","","Yhomarys Pinzon","8/26/2026 5:00 PM","","","High","HUN-3","3. Sign Up","0","","Master","S6","Functional","Yhomarys Pinzon","8/26/2026 5:17 PM","1"
"C131","Validate GitHub button visibility.","","Yhomarys Pinzon","8/26/2026 5:02 PM","","","Medium","HUN-3","3. Sign Up","0","","Master","S6","Functional","Yhomarys Pinzon","8/26/2026 5:03 PM","1"
"C132","Validate the GitHub button's hover effect.","","Yhomarys Pinzon","8/26/2026 5:03 PM","","","Medium","HUN-3","3. Sign Up","0","","Master","S6","Functional","Yhomarys Pinzon","8/26/2026 5:04 PM","1"
"C133","Validate registration via GitHub.","","Yhomarys Pinzon","8/26/2026 5:14 PM","","","High","HUN-3","3. Sign Up","0","","Master","S6","Functional","Yhomarys Pinzon","8/26/2026 5:18 PM","1"
"C134","Validate empty ""My role"" field.","","Yhomarys Pinzon","8/26/2026 5:31 PM","","","High","HUN-3","As a recruiter","1","","Master","S6","Functional","Yhomarys Pinzon","8/26/2026 5:33 PM","1"
"C135","Validate the ""My role"" field with a valid format.","","Yhomarys Pinzon","8/26/2026 5:35 PM","","","High","HUN-3","As a recruiter","1","","Master","S6","Functional","Yhomarys Pinzon","8/26/2026 5:37 PM","1"
"C136","Validate ""My role"" field containing only numbers.","","Yhomarys Pinzon","8/26/2026 9:08 PM","","","High","HUN-3","As a recruiter","1","","Master","S6","Functional","Yhomarys Pinzon","8/26/2026 9:11 PM","1"
"C137","Validate case-insensitivity in ""My role"" field.","","Yhomarys Pinzon","8/26/2026 9:17 PM","","","High","HUN-3","As a recruiter","1","","Master","S6","Functional","Yhomarys Pinzon","8/26/2026 9:19 PM","1"
"C138","Validate the ""My role"" field containing only special characters.","","Yhomarys Pinzon","8/26/2026 9:20 PM","","","High","HUN-3","As a recruiter","1","","Master","S6","Functional","Yhomarys Pinzon","8/26/2026 9:23 PM","1"
"C139","Validate leading and trailing spaces in ""My role"" field.","","Yhomarys Pinzon","8/26/2026 9:28 PM","","","Medium","HUN-3","As a recruiter","1","","Master","S6","Functional","Yhomarys Pinzon","8/26/2026 9:34 PM","1"
"C140","Validate spaces between words in the ""My role"" field.","","Yhomarys Pinzon","8/26/2026 9:35 PM","","","Medium","HUN-3","As a recruiter","1","","Master","S6","Functional","Yhomarys Pinzon","8/26/2026 9:37 PM","1"
"C141","Validate the 'My role' field with a length less than the minimum.","","Yhomarys Pinzon","8/26/2026 9:44 PM","","","High","HUN-3","As a recruiter","1","","Master","S6","Functional","Yhomarys Pinzon","8/26/2026 9:51 PM","1"
"C142","Validate the minimum character limit for the 'My role' field.","","Yhomarys Pinzon","8/26/2026 9:56 PM","","","High","HUN-3","As a recruiter","1","","Master","S6","Other","Yhomarys Pinzon","8/26/2026 10:06 PM","1"
"C143","Validate the maximum character limit for the 'My role' field.","","Yhomarys Pinzon","8/26/2026 10:08 PM","","","Medium","HUN-3","As a recruiter","1","","Master","S6","Functional","Yhomarys Pinzon","8/26/2026 10:10 PM","1"
"C144","Validate ""My role"" field length above maximum.","","Yhomarys Pinzon","8/26/2026 10:12 PM","","","Medium","HUN-3","As a recruiter","1","","Master","S6","Functional","Yhomarys Pinzon","8/26/2026 11:32 PM","1"
"C145","Validate empty ""Company"" field.","","Yhomarys Pinzon","8/26/2026 10:54 PM","","","High","HUN-3","As a recruiter","1","","Master","S6","Functional","Yhomarys Pinzon","8/26/2026 10:56 PM","1"
"C146","Validate the ""Company"" field with a valid format.","","Yhomarys Pinzon","8/26/2026 10:56 PM","","","High","HUN-3","As a recruiter","1","","Master","S6","Functional","Yhomarys Pinzon","8/26/2026 10:59 PM","1"
"C147","Validate ""Company"" field containing only numbers.","","Yhomarys Pinzon","8/26/2026 11:00 PM","","","High","HUN-3","As a recruiter","1","","Master","S6","Functional","Yhomarys Pinzon","8/26/2026 11:02 PM","1"
"C148","Validate case-insensitivity in ""Company"" field","","Yhomarys Pinzon","8/26/2026 11:03 PM","","","High","HUN-3","As a recruiter","1","","Master","S6","Functional","Yhomarys Pinzon","8/26/2026 11:05 PM","1"
"C149","Validate the ""Company"" field containing only special characters.","","Yhomarys Pinzon","8/26/2026 11:05 PM","","","High","HUN-3","As a recruiter","1","","Master","S6","Functional","Yhomarys Pinzon","8/26/2026 11:07 PM","1"
"C150","Validate leading and trailing spaces in ""Company"" field.","","Yhomarys Pinzon","8/26/2026 11:08 PM","","","Medium","HUN-3","As a recruiter","1","","Master","S6","Functional","Yhomarys Pinzon","8/26/2026 11:12 PM","1"
"C151","Validate spaces between words in the ""Company"" field.","","Yhomarys Pinzon","8/26/2026 11:12 PM","","","Medium","HUN-3","As a recruiter","1","","Master","S6","Functional","Yhomarys Pinzon","8/26/2026 11:14 PM","1"
"C152","Validate the ""Company"" field with a length less than the minimum.","","Yhomarys Pinzon","8/26/2026 11:15 PM","","","High","HUN-3","As a recruiter","1","","Master","S6","Functional","Yhomarys Pinzon","8/26/2026 11:17 PM","1"
"C153","Validate the minimum character limit for the ""Company"" field.","","Yhomarys Pinzon","8/26/2026 11:17 PM","","","High","HUN-3","As a recruiter","1","","Master","S6","Functional","Yhomarys Pinzon","8/26/2026 11:23 PM","1"
"C154","Validate the maximum character limit for the ""Company"" field.","","Yhomarys Pinzon","8/26/2026 11:23 PM","","","Medium","HUN-3","As a recruiter","1","","Master","S6","Functional","Yhomarys Pinzon","8/26/2026 11:28 PM","1"
"C155","Validate ""Company"" field length above maximum.","","Yhomarys Pinzon","8/26/2026 11:29 PM","","","Medium","HUN-3","As a recruiter","1","","Master","S6","Functional","Yhomarys Pinzon","8/26/2026 11:31 PM","1"
"C156","Validate the visibility of the ""SAVE AND CONTINUE"" button.","","Yhomarys Pinzon","8/26/2026 11:35 PM","","","Medium","HUN-3","As a recruiter","1","","Master","S6","Functional","Yhomarys Pinzon","8/26/2026 11:36 PM","1"
"C157","Validate the hover effect for the ""SAVE AND CONTINUE"" button.","","Yhomarys Pinzon","8/26/2026 11:36 PM","","","Low","HUN-3","As a recruiter","1","","Master","S6","Functional","Yhomarys Pinzon","8/26/2026 11:38 PM","1"
"C158","Validate the ""SAVE AND CONTINUE"" button redirect.","","Yhomarys Pinzon","8/26/2026 11:38 PM","","","High","HUN-3","As a recruiter","1","","Master","S6","Functional","Yhomarys Pinzon","8/26/2026 11:41 PM","1"
"C159","Validate the visibility of the ""UPLOAD YOUR PHOTO"" area.","","Yhomarys Pinzon","8/27/2026 1:24 PM","","","Medium","HUN-3","As a recruiter","1","","Master","S6","Functional","Yhomarys Pinzon","8/27/2026 1:25 PM","1"
"C160","Validate upload of a valid photo profile.","","Yhomarys Pinzon","8/27/2026 1:26 PM","","","High","HUN-3","As a recruiter","1","","Master","S6","Functional","Yhomarys Pinzon","8/27/2026 1:28 PM","1"
"C161","Validate upload of an invalid file format for photo profile.","","Yhomarys Pinzon","8/27/2026 1:28 PM","","","Medium","HUN-3","As a recruiter","1","","Master","S6","Functional","Yhomarys Pinzon","8/27/2026 1:30 PM","1"
"C162","Validate the visibility of the ""Wallet address"" field.","","Yhomarys Pinzon","8/27/2026 1:34 PM","","","Medium","HUN-3","As a recruiter","1","","Master","S6","Functional","Yhomarys Pinzon","8/27/2026 1:35 PM","1"
"C163","Validate the tooltip information for the ""Wallet address"" field.","","Yhomarys Pinzon","8/27/2026 1:35 PM","","","Medium","HUN-3","As a recruiter","1","","Master","S6","Other","Yhomarys Pinzon","8/27/2026 1:36 PM","1"
"C164","Validate that the ""Wallet address"" field is optional.","","Yhomarys Pinzon","8/27/2026 1:37 PM","","","High","HUN-3","As a recruiter","1","","Master","S6","Functional","Yhomarys Pinzon","8/27/2026 1:39 PM","1"
"C165","Validate a valid wallet address format.","","Yhomarys Pinzon","8/27/2026 1:40 PM","","","High","HUN-3","As a recruiter","1","","Master","S6","Functional","Yhomarys Pinzon","8/27/2026 1:41 PM","1"
"C166","Validate an invalid wallet address format missing ""0x"".","","Yhomarys Pinzon","8/27/2026 1:42 PM","","","High","HUN-3","As a recruiter","1","","Master","S6","Functional","Yhomarys Pinzon","8/27/2026 1:47 PM","1"
"C167","Validate wallet address length below standard requirement.","","Yhomarys Pinzon","8/27/2026 1:45 PM","","","High","HUN-3","As a recruiter","1","","Master","S6","Functional","Yhomarys Pinzon","8/27/2026 1:47 PM","1"
"C168","Validate wallet address length above standard requirement.","","Yhomarys Pinzon","8/27/2026 1:48 PM","","","Medium","HUN-3","As a recruiter","1","","Master","S6","Functional","Yhomarys Pinzon","8/27/2026 1:50 PM","1"
"C169","Validate case-insensitivity in wallet field.","","Yhomarys Pinzon","8/27/2026 1:50 PM","","","Medium","HUN-3","As a recruiter","1","","Master","S6","Functional","Yhomarys Pinzon","8/27/2026 1:56 PM","1"
"C170","Validate empty ""First name"" field.","","Yhomarys Pinzon","8/27/2026 1:58 PM","","","High","HUN-3","As a recruiter","1","","Master","S6","Functional","Yhomarys Pinzon","8/27/2026 2:01 PM","1"
"C171","Validate the ""First name"" field with a valid format.","","Yhomarys Pinzon","8/27/2026 2:02 PM","","","High","HUN-3","As a recruiter","1","","Master","S6","Functional","Yhomarys Pinzon","8/27/2026 2:05 PM","1"
"C172","Validate ""First name"" field containing only numbers.","","Yhomarys Pinzon","8/27/2026 2:07 PM","","","High","HUN-3","As a recruiter","1","","Master","S6","Functional","Yhomarys Pinzon","8/27/2026 2:09 PM","1"
"C173","Validate case-insensitivity in ""First name"" field.","","Yhomarys Pinzon","8/27/2026 2:09 PM","","","High","HUN-3","As a recruiter","1","","Master","S6","Functional","Yhomarys Pinzon","8/27/2026 2:13 PM","1"
"C174","Validate the ""First name"" field containing only special characters.","","Yhomarys Pinzon","8/27/2026 2:13 PM","","","High","HUN-3","As a recruiter","1","","Master","S6","Functional","Yhomarys Pinzon","8/27/2026 2:15 PM","1"
"C175","Validate leading and trailing spaces in ""First name"" field.","","Yhomarys Pinzon","8/27/2026 2:16 PM","","","Medium","HUN-3","As a recruiter","1","","Master","S6","Functional","Yhomarys Pinzon","8/27/2026 2:24 PM","1"
"C176","Validate spaces between words in the ""First name"" field.","","Yhomarys Pinzon","8/27/2026 2:25 PM","","","Medium","HUN-3","As a recruiter","1","","Master","S6","Functional","Yhomarys Pinzon","8/27/2026 2:26 PM","1"
"C178","Validate ""First name"" field length below minimum.","","Yhomarys Pinzon","8/27/2026 2:34 PM","","","High","HUN-3","As a recruiter","1","","Master","S6","Functional","Yhomarys Pinzon","8/27/2026 2:43 PM","1"
"C177","Validate the minimum character limit for the ""First name"" field.","","Yhomarys Pinzon","8/27/2026 2:27 PM","","","High","HUN-3","As a recruiter","1","","Master","S6","Functional","Yhomarys Pinzon","8/27/2026 2:32 PM","1"
"C179","Validate the maximum character limit for the ""First name"" field.","","Yhomarys Pinzon","8/27/2026 2:45 PM","","","Medium","HUN-3","As a recruiter","1","","Master","S6","Functional","Yhomarys Pinzon","8/27/2026 2:50 PM","1"
"C180","Validate ""First name"" field length above maximum.","","Yhomarys Pinzon","8/27/2026 2:51 PM","","","Medium","HUN-3","As a recruiter","1","","Master","S6","Functional","Yhomarys Pinzon","8/27/2026 2:53 PM","1"
"C181","Validate empty ""Last name"" field.","","Yhomarys Pinzon","8/27/2026 2:55 PM","","","High","HUN-3","As a recruiter","1","","Master","S6","Functional","Yhomarys Pinzon","8/27/2026 2:58 PM","1"
"C182","Validate the ""Last name"" field with a valid format.","","Yhomarys Pinzon","8/27/2026 2:58 PM","","","High","HUN-3","As a recruiter","1","","Master","S6","Functional","Yhomarys Pinzon","8/27/2026 3:00 PM","1"
"C183","Validate ""Last name"" field containing only numbers.","","Yhomarys Pinzon","8/27/2026 3:01 PM","","","High","HUN-3","As a recruiter","1","","Master","S6","Functional","Yhomarys Pinzon","8/27/2026 3:02 PM","1"
"C184","Validate case-insensitivity in ""Last name"" field.","","Yhomarys Pinzon","8/27/2026 3:03 PM","","","Medium","HUN-3","As a recruiter","1","","Master","S6","Functional","Yhomarys Pinzon","8/27/2026 3:04 PM","1"
"C185","Validate the ""Last name"" field containing only special characters.","","Yhomarys Pinzon","8/27/2026 3:05 PM","","","High","HUN-3","As a recruiter","1","","Master","S6","Functional","Yhomarys Pinzon","8/27/2026 3:07 PM","1"
"C186","Validate leading and trailing spaces in ""Last name"" field.","","Yhomarys Pinzon","8/27/2026 3:07 PM","","","Medium","HUN-3","As a recruiter","1","","Master","S6","Functional","Yhomarys Pinzon","8/27/2026 3:09 PM","1"
"C187","Validate internal spaces between words in ""Last name"" field.","","Yhomarys Pinzon","8/27/2026 3:09 PM","","","Medium","HUN-3","As a recruiter","1","","Master","S6","Functional","Yhomarys Pinzon","8/27/2026 3:11 PM","1"
"C188","Validate ""Last name"" field length below minimum.","","Yhomarys Pinzon","8/27/2026 3:11 PM","","","High","HUN-3","As a recruiter","1","","Master","S6","Functional","Yhomarys Pinzon","8/27/2026 3:14 PM","1"
"C189","Validate the minimum character limit for the ""Last name"" field.","","Yhomarys Pinzon","8/27/2026 3:15 PM","","","High","HUN-3","As a recruiter","1","","Master","S6","Functional","Yhomarys Pinzon","8/27/2026 3:17 PM","1"
"C190","Validate the maximum character limit for the ""Last name"" field.","","Yhomarys Pinzon","8/27/2026 3:17 PM","","","Medium","HUN-3","As a recruiter","1","","Master","S6","Functional","Yhomarys Pinzon","8/27/2026 3:20 PM","1"
"C191","Validate ""Last name"" field length above maximum.","","Yhomarys Pinzon","8/27/2026 3:20 PM","","","Medium","HUN-3, The user is authenticated (as a Recruiter)., The user is on the ""Contact Information"" onboarding screen.","As a recruiter","1","","Master","S6","Functional","Yhomarys Pinzon","8/27/2026 3:22 PM","1"
"C192","Validate the visibility of the ""Linkedin"" field.","","Yhomarys Pinzon","8/27/2026 3:23 PM","","","Medium","HUN-3","As a recruiter","1","","Master","S6","Functional","Yhomarys Pinzon","8/27/2026 3:24 PM","1"
"C193","Validate that the ""Linkedin"" field is optional.","","Yhomarys Pinzon","8/27/2026 3:25 PM","","","High","HUN-3","As a recruiter","1","","Master","S6","Functional","Yhomarys Pinzon","8/27/2026 3:26 PM","1"
"C194","Validate a valid LinkedIn profile URL format.","","Yhomarys Pinzon","8/27/2026 3:27 PM","","","High","HUN-3","As a recruiter","1","","Master","S6","Functional","Yhomarys Pinzon","8/27/2026 3:29 PM","1"
"C195","Validate an invalid URL structure in ""Linkedin"" field.","","Yhomarys Pinzon","8/27/2026 3:30 PM","","","High","HUN-3","As a recruiter","1","","Master","S6","Functional","Yhomarys Pinzon","8/27/2026 3:32 PM","1"
"C196","Validate leading and trailing spaces in ""Linkedin"" field.","","Yhomarys Pinzon","8/27/2026 3:32 PM","","","Medium","HUN-3","As a recruiter","1","","Master","S6","Functional","Yhomarys Pinzon","8/27/2026 3:35 PM","1"
"C197","Validate LinkedIn URL variations.","","Yhomarys Pinzon","8/27/2026 3:42 PM","","","High","HUN-3","As a recruiter","1","","Master","S6","Functional","Yhomarys Pinzon","8/27/2026 4:05 PM","1"
"C198","Validate rejection of corporate LinkedIn URLs.","","Yhomarys Pinzon","8/27/2026 4:06 PM","","","Medium","HUN-3","As a recruiter","1","","Master","S6","Functional","Yhomarys Pinzon","8/27/2026 4:18 PM","1"
"C199","Validate the visibility of the ""SAVE AND CONTINUE"" button.","","Yhomarys Pinzon","8/27/2026 4:20 PM","","","Medium","HUN-3","As a recruiter","1","","Master","S6","Functional","Yhomarys Pinzon","8/27/2026 4:21 PM","1"
"C200","Validate the hover effect for the ""SAVE AND CONTINUE"" button.","","Yhomarys Pinzon","8/27/2026 4:21 PM","","","Low","HUN-3","As a recruiter","1","","Master","S6","Functional","Yhomarys Pinzon","8/27/2026 4:23 PM","1"
"C201","Validate the redirection of the ""SAVE AND CONTINUE"" button.","","Yhomarys Pinzon","8/27/2026 4:23 PM","","","High","HUN-3","As a recruiter","1","","Master","S6","Functional","Yhomarys Pinzon","8/27/2026 4:28 PM","1"
"C202","Validate the visibility of the ""Role"" field.","","Yhomarys Pinzon","8/27/2026 4:31 PM","","","Medium","HUN-3","As a recruiter","1","","Master","S6","Functional","Yhomarys Pinzon","8/27/2026 4:34 PM","1"
"C203","Validate opening and closing the ""Role"" dropdown menu.","","Yhomarys Pinzon","8/27/2026 4:34 PM","","","High","HUN-3","As a recruiter","1","","Master","S6","Functional","Yhomarys Pinzon","8/27/2026 4:36 PM","1"
"C204","Validate the hover effect on dropdown list items.","","Yhomarys Pinzon","8/27/2026 4:36 PM","","","Medium","HUN-3","As a recruiter","1","","Master","S6","Functional","Yhomarys Pinzon","8/27/2026 4:42 PM","1"
"C205","Validate selecting a single role from the dropdown.","","Yhomarys Pinzon","8/27/2026 4:42 PM","","","High","HUN-3","As a recruiter","1","","Master","S6","Functional","Yhomarys Pinzon","8/27/2026 4:43 PM","1"
"C206","Validate selecting multiple roles from the dropdown.","","Yhomarys Pinzon","8/27/2026 4:43 PM","","","High","HUN-3","As a recruiter","1","","Master","S6","Functional","Yhomarys Pinzon","8/27/2026 4:45 PM","1"
"C207","Validate removing a selected role tag.","","Yhomarys Pinzon","8/27/2026 4:45 PM","","","Medium","HUN-3","As a recruiter","1","","Master","S6","Functional","Yhomarys Pinzon","8/27/2026 4:47 PM","1"
"C208","Validate the empty ""Role"" field.","","Yhomarys Pinzon","8/27/2026 4:49 PM","","","High","HUN-3","As a recruiter","1","","Master","S6","Functional","Yhomarys Pinzon","8/27/2026 4:53 PM","1"
"C209","Validate typing interaction for valid roles","","Yhomarys Pinzon","8/27/2026 4:56 PM","","","Medium","HUN-3","As a recruiter","1","","Master","S6","Functional","Yhomarys Pinzon","8/27/2026 5:01 PM","1"
"C210","Validate typing interaction for invalid roles.","","Yhomarys Pinzon","8/27/2026 5:01 PM","","","Medium","HUN-3","As a recruiter","1","","Master","S6","Functional","Yhomarys Pinzon","8/27/2026 5:08 PM","1"
"C211","Validate the visibility of the ""Technologies"" filter field.","","Yhomarys Pinzon","8/27/2026 5:16 PM","","","Medium","HUN-3","As a recruiter","1","","Master","S6","Functional","Yhomarys Pinzon","8/27/2026 5:17 PM","1"
"C212","Validate opening and closing the ""Technologies"" dropdown menu.","","Yhomarys Pinzon","8/27/2026 5:17 PM","","","High","HUN-3","As a recruiter","1","","Master","S6","Functional","Yhomarys Pinzon","8/27/2026 5:19 PM","1"
"C213","Validate scrolling and hover effects in Technologies list.","","Yhomarys Pinzon","8/27/2026 5:19 PM","","","Medium","HUN-3","As a recruiter","1","","Master","S6","Functional","Yhomarys Pinzon","8/27/2026 5:27 PM","1"
"C214","Validate selecting a single technology from the dropdown.","","Yhomarys Pinzon","8/27/2026 5:36 PM","","","High","HUN-3","As a recruiter","1","","Master","S6","Functional","Yhomarys Pinzon","8/27/2026 5:38 PM","1"
"C215","Validate selecting multiple options from the ""Technologies"" dropdown.","","Yhomarys Pinzon","8/27/2026 5:38 PM","","","High","HUN-3","As a recruiter","1","","Master","S6","Functional","Yhomarys Pinzon","8/27/2026 5:40 PM","1"
"C216","Validate removing a selected technology tag.","","Yhomarys Pinzon","8/27/2026 5:40 PM","","","Medium","HUN-3","As a recruiter","1","","Master","S6","Functional","Yhomarys Pinzon","8/27/2026 5:42 PM","1"
"C217","Validate typing interaction for valid technologies.","","Yhomarys Pinzon","8/27/2026 5:49 PM","","","High","HUN-3","As a recruiter","1","","Master","S6","Functional","Yhomarys Pinzon","8/27/2026 5:50 PM","1"
"C218","Validate typing interaction for invalid technologies.","","Yhomarys Pinzon","8/27/2026 5:51 PM","","","Medium","HUN-3","As a recruiter","1","","Master","S6","Functional","Yhomarys Pinzon","8/27/2026 5:53 PM","1"
"C219","Validate the empty ""Technologies"" field","","Yhomarys Pinzon","8/27/2026 5:53 PM","","","High","HUN-3","As a recruiter","1","","Master","S6","Functional","Yhomarys Pinzon","8/27/2026 5:56 PM","1"
"C220","Validate the visibility of the ""Desired base salary"" section.","","Yhomarys Pinzon","8/27/2026 6:00 PM","","","Medium","HUN-3","As a recruiter","1","","Master","S6","Functional","Yhomarys Pinzon","8/27/2026 6:01 PM","1"
"C221","Validate Annual and Monthly tabs.","","Yhomarys Pinzon","8/27/2026 6:03 PM","","","High","HUN-3","As a recruiter","1","","Master","S6","Functional","Yhomarys Pinzon","8/27/2026 6:05 PM","1"
"C222","Validate interaction with the minimum salary slider handle.","","Yhomarys Pinzon","8/27/2026 6:05 PM","","","High","HUN-3","As a recruiter","1","","Master","S6","Functional","Yhomarys Pinzon","8/27/2026 6:06 PM","1"
"C223","Validate interaction with the maximum salary slider handle.","","Yhomarys Pinzon","8/27/2026 6:07 PM","","","High","HUN-3","As a recruiter","1","","Master","S6","Functional","Yhomarys Pinzon","8/27/2026 6:08 PM","1"
"C224","Validate submission with default salary.","","Yhomarys Pinzon","8/27/2026 6:16 PM","","","High","HUN-3","As a recruiter","1","","Master","S6","Functional","Yhomarys Pinzon","8/27/2026 6:22 PM","1"
"C225","Validate the visibility of the ""Job experience"" field.","","Yhomarys Pinzon","8/27/2026 6:25 PM","","","Medium","HUN-3","As a recruiter","1","","Master","S6","Functional","Yhomarys Pinzon","8/27/2026 6:26 PM","1"
"C226","Validate opening and closing the ""Job experience"" menu.","","Yhomarys Pinzon","8/27/2026 6:27 PM","","","High","HUN-3","As a recruiter","1","","Master","S6","Functional","Yhomarys Pinzon","8/27/2026 6:28 PM","1"
"C227","Validate the hover effect on experience options.","","Yhomarys Pinzon","8/27/2026 6:29 PM","","","Medium","HUN-3","As a recruiter","1","","Master","S6","Functional","Yhomarys Pinzon","8/27/2026 6:30 PM","1"
"C228","Validate selecting an option from ""Job experience"".","","Yhomarys Pinzon","8/27/2026 6:30 PM","","","High","HUN-3","As a recruiter","1","","Master","S6","Functional","Yhomarys Pinzon","8/27/2026 6:31 PM","1"
"C229","Validate changing a previously selected experience option.","","Yhomarys Pinzon","8/27/2026 6:31 PM","","","Medium","HUN-3","As a recruiter","1","","Master","S6","Functional","Yhomarys Pinzon","8/27/2026 6:33 PM","1"
"C230","Validate the empty ""Professional experience"" field.","","Yhomarys Pinzon","8/27/2026 6:33 PM","","","High","HUN-3","As a recruiter","1","","Master","S6","Functional","Yhomarys Pinzon","8/27/2026 6:35 PM","1"
"C231","Validate the visibility of the ""English level"" field.","","Yhomarys Pinzon","8/27/2026 6:38 PM","","","Medium","HUN-3","As a recruiter","1","","Master","S6","Functional","Yhomarys Pinzon","8/27/2026 6:39 PM","1"
"C232","Validate opening and closing the ""English level"" menu.","","Yhomarys Pinzon","8/27/2026 6:39 PM","","","High","HUN-3","As a recruiter","1","","Master","S6","Functional","Yhomarys Pinzon","8/27/2026 6:41 PM","1"
"C233","Validate the hover effect on English level options.","","Yhomarys Pinzon","8/27/2026 6:41 PM","","","Medium","HUN-3","As a recruiter","1","","Master","S6","Functional","Yhomarys Pinzon","8/27/2026 6:42 PM","1"
"C234","Validate selecting an option from ""English level"".","","Yhomarys Pinzon","8/27/2026 6:42 PM","","","High","HUN-3","As a recruiter","1","","Master","S6","Functional","Yhomarys Pinzon","8/27/2026 6:43 PM","1"
"C235","Validate changing a previously selected English level option.","","Yhomarys Pinzon","8/27/2026 6:44 PM","","","Medium","HUN-3","As a recruiter","1","","Master","S6","Functional","Yhomarys Pinzon","8/27/2026 6:45 PM","1"
"C236","Validate the empty ""English level"" field.","","Yhomarys Pinzon","8/27/2026 6:45 PM","","","High","HUN-3","As a recruiter","1","","Master","S6","Functional","Yhomarys Pinzon","8/27/2026 6:47 PM","1"
"C237","Validate the visibility of the ""Candidate's location"" section.","","Yhomarys Pinzon","8/28/2026 2:21 PM","","","Medium","HUN-3","As a recruiter","1","","Master","S6","Functional","Yhomarys Pinzon","8/28/2026 2:22 PM","1"
"C238","Validate the tooltip information for ""Candidate's location"".","","Yhomarys Pinzon","8/28/2026 2:23 PM","","","Medium","HUN-3","As a recruiter","1","","Master","S6","Functional","Yhomarys Pinzon","8/28/2026 2:24 PM","1"
"C239","Validate toggling the ""Show map"" switch.","","Yhomarys Pinzon","8/28/2026 2:24 PM","","","High","HUN-3","As a recruiter","1","","Master","S6","Functional","Yhomarys Pinzon","8/28/2026 2:26 PM","1"
"C240","Validate interaction with the minimum timezone slider handle.","","Yhomarys Pinzon","8/28/2026 2:29 PM","","","High","HUN-3","As a recruiter","1","","Master","S6","Functional","Yhomarys Pinzon","8/28/2026 2:30 PM","1"
"C241","Validate interaction with the maximum timezone slider handle.","","Yhomarys Pinzon","8/28/2026 2:30 PM","","","High","HUN-3","As a recruiter","1","","Master","S6","Functional","Yhomarys Pinzon","8/28/2026 2:31 PM","1"
"C242","Validate the submission with default location parameters.","","Yhomarys Pinzon","8/28/2026 2:32 PM","","","High","HUN-3","As a recruiter","1","","Master","S6","Functional","Yhomarys Pinzon","8/28/2026 2:36 PM","1"
"C243","Validate the submission with a customized timezone criteria.","","Yhomarys Pinzon","8/28/2026 2:36 PM","","","High","HUN-3","As a recruiter","1","","Master","S6","Functional","Yhomarys Pinzon","8/28/2026 2:38 PM","1"
"C244","Validate switching to ""PAÍS/CIDADE"" tab.","","Yhomarys Pinzon","8/28/2026 2:48 PM","","","High","HUN-3","As a recruiter","1","","Master","S6","Functional","Yhomarys Pinzon","8/28/2026 2:52 PM","1"
"C245","Validate opening and closing the location suggestion list.","","Yhomarys Pinzon","8/28/2026 3:40 PM","","","High","HUN-3","As a recruiter","1","","Master","S6","Functional","Yhomarys Pinzon","8/28/2026 3:42 PM","1"
"C246","Validate case-insensitivity in location search typing.","","Yhomarys Pinzon","8/28/2026 3:42 PM","","","High","HUN-3","As a recruiter","1","","Master","S6","Functional","Yhomarys Pinzon","8/28/2026 3:46 PM","1"
"C247","Validate the hover effect on location suggestion items.","","Yhomarys Pinzon","8/28/2026 3:47 PM","","","Medium","HUN-3","As a recruiter","1","","Master","S6","Functional","Yhomarys Pinzon","8/28/2026 3:48 PM","1"
"C248","Validate selecting an option from the location list.","","Yhomarys Pinzon","8/28/2026 3:48 PM","","","High","HUN-3","As a recruiter","1","","Master","S6","Functional","Yhomarys Pinzon","8/28/2026 3:49 PM","1"
"C249","Validate search typing with an invalid or non-existing location.","","Yhomarys Pinzon","8/28/2026 3:50 PM","","","Medium","HUN-3","As a recruiter","1","","Master","S6","Functional","Yhomarys Pinzon","8/28/2026 3:51 PM","1"
"C250","Validate empty ""PAÍS/CIDADE"" field restriction.","","Yhomarys Pinzon","8/28/2026 3:51 PM","","","High","HUN-3","As a recruiter","1","","Master","S6","Functional","Yhomarys Pinzon","8/28/2026 3:54 PM","1"
"C251","Validate the visibility of the ""NEXT"" button.","","Yhomarys Pinzon","8/28/2026 3:56 PM","","","Medium","HUN-3","As a recruiter","1","","Master","S6","Functional","Yhomarys Pinzon","8/28/2026 3:58 PM","1"
"C252","Validate the hover effect on the ""NEXT"" button.","","Yhomarys Pinzon","8/28/2026 3:57 PM","","","Low","HUN-3","As a recruiter","1","","Master","S6","Functional","Yhomarys Pinzon","8/28/2026 3:59 PM","1"
"C253","Validate the ""NEXT"" button's redirect.","","Yhomarys Pinzon","8/28/2026 3:59 PM","","","High","HUN-3","As a recruiter","1","","Master","S6","Functional","Yhomarys Pinzon","8/28/2026 4:01 PM","1"
"C254","Validate redirection to the candidates list view.","","Yhomarys Pinzon","8/28/2026 4:04 PM","","","High","HUN-3","As a recruiter","1","","Master","S6","Functional","Yhomarys Pinzon","8/28/2026 4:13 PM","1"
"C255","Validate empty ""Desired position"" field.","","Yhomarys Pinzon","8/28/2026 8:21 PM","","","High","HUN-3","As a candidate","1","","Master","S6","Functional","Yhomarys Pinzon","8/28/2026 8:24 PM","1"
"C256","Validate the ""Desired position"" field with a valid format.","","Yhomarys Pinzon","8/28/2026 8:25 PM","","","High","HUN-3","As a candidate","1","","Master","S6","Functional","Yhomarys Pinzon","8/28/2026 8:27 PM","1"
"C257","Validate ""Desired position"" field containing only numbers.","","Yhomarys Pinzon","8/28/2026 8:28 PM","","","High","HUN-3","As a candidate","1","","Master","S6","Functional","Yhomarys Pinzon","8/28/2026 8:32 PM","1"
"C258","Validate case-insensitivity in ""Desired position"" field.","","Yhomarys Pinzon","8/28/2026 8:33 PM","","","High","HUN-3","As a candidate","1","","Master","S6","Functional","Yhomarys Pinzon","8/28/2026 8:39 PM","1"
"C259","Validate the ""Desired position"" field containing only special characters.","","Yhomarys Pinzon","8/28/2026 8:43 PM","","","High","HUN-3","As a candidate","1","","Master","S6","Functional","Yhomarys Pinzon","8/28/2026 8:45 PM","1"
"C260","Validate leading and trailing spaces in ""Desired position"" field.","","Yhomarys Pinzon","8/28/2026 8:45 PM","","","Medium","HUN-3","As a candidate","1","","Master","S6","Functional","Yhomarys Pinzon","8/28/2026 8:48 PM","1"
"C261","Validate spaces between words in the ""Desired position"" field.","","Yhomarys Pinzon","8/28/2026 8:48 PM","","","Medium","HUN-3","As a candidate","1","","Master","S6","Functional","Yhomarys Pinzon","8/28/2026 8:50 PM","1"
"C262","Validate ""Desired position"" field length below minimum.","","Yhomarys Pinzon","8/28/2026 8:50 PM","","","High","HUN-3","As a candidate","1","","Master","S6","Functional","Yhomarys Pinzon","8/28/2026 8:56 PM","1"
"C263","Validate the minimum character limit for the ""Desired position"" field.","","Yhomarys Pinzon","8/28/2026 8:59 PM","","","High","HUN-3","As a candidate","1","","Master","S6","Functional","Yhomarys Pinzon","8/28/2026 9:05 PM","1"
"C264","Validate the maximum character limit for the ""Desired position"" field.","","Yhomarys Pinzon","8/28/2026 9:05 PM","","","Medium","HUN-3","As a candidate","1","","Master","S6","Functional","Yhomarys Pinzon","8/28/2026 9:08 PM","1"
"C265","Validate ""Desired position"" field length above maximum.","","Yhomarys Pinzon","8/28/2026 9:09 PM","","","Medium","HUN-3","As a candidate","1","","Master","S6","Functional","Yhomarys Pinzon","8/28/2026 9:10 PM","1"
"C266","Validate the visibility of the ""Desired roles"" filter field.","","Yhomarys Pinzon","8/30/2026 4:37 PM","","","Medium","HUN-3","As a candidate","1","","Master","S6","Functional","Yhomarys Pinzon","8/30/2026 4:38 PM","1"
"C267","Validate opening and closing the ""Desired roles"" dropdown menu.","","Yhomarys Pinzon","8/30/2026 4:39 PM","","","High","HUN-3","As a candidate","1","","Master","S6","Functional","Yhomarys Pinzon","8/30/2026 4:42 PM","1"
"C268","Validate scrolling and hover effects in Desired roles list.","","Yhomarys Pinzon","8/30/2026 4:42 PM","","","Medium","HUN-3","As a candidate","1","","Master","S6","Functional","Yhomarys Pinzon","8/30/2026 4:43 PM","1"
"C269","Validate selecting a single role from the dropdown.","","Yhomarys Pinzon","8/30/2026 4:44 PM","","","High","HUN-3","As a candidate","1","","Master","S6","Functional","Yhomarys Pinzon","8/30/2026 4:45 PM","1"
"C270","Validate selecting multiple roles from the dropdown.","","Yhomarys Pinzon","8/30/2026 4:45 PM","","","High","HUN-3","As a candidate","1","","Master","S6","Functional","Yhomarys Pinzon","8/30/2026 4:46 PM","1"
"C271","Validate removing a selected role tag.","","Yhomarys Pinzon","8/30/2026 4:47 PM","","","Medium","HUN-3","As a candidate","1","","Master","S6","Functional","Yhomarys Pinzon","8/30/2026 4:48 PM","1"
"C272","Validate typing interaction for valid roles.","","Yhomarys Pinzon","8/30/2026 4:48 PM","","","High","HUN-3","As a candidate","1","","Master","S6","Functional","Yhomarys Pinzon","8/30/2026 4:50 PM","1"
"C273","Validate typing interaction for invalid roles.","","Yhomarys Pinzon","8/30/2026 4:50 PM","","","Medium","HUN-3","As a candidate","1","","Master","S6","Functional","Yhomarys Pinzon","8/30/2026 4:51 PM","1"
"C274","Validate the visibility and tooltip of ""Core technical skills"" field.","","Yhomarys Pinzon","8/30/2026 5:32 PM","","","Medium","HUN-3","As a candidate","1","","Master","S6","Functional","Yhomarys Pinzon","8/30/2026 5:34 PM","1"
"C275","Validate typing interaction and scrollbar for valid skills.","","Yhomarys Pinzon","8/30/2026 5:34 PM","","","High","HUN-3","As a candidate","1","","Master","S6","Functional","Yhomarys Pinzon","8/30/2026 5:48 PM","1"
"C276","Validate typing interaction for invalid skills.","","Yhomarys Pinzon","8/30/2026 5:49 PM","","","Medium","HUN-3","As a candidate","1","","Master","S6","Functional","Yhomarys Pinzon","8/30/2026 5:50 PM","1"
"C277","Validate selecting fewer skills than the minimum required limit.","","Yhomarys Pinzon","8/30/2026 5:51 PM","","","High","HUN-3","As a candidate","1","","Master","S6","Functional","Yhomarys Pinzon","8/30/2026 5:55 PM","1"
"C278","Validate selecting the exact minimum number of required skills.","","Yhomarys Pinzon","8/30/2026 5:55 PM","","","High","HUN-3","As a candidate","1","","Master","S6","Functional","Yhomarys Pinzon","8/30/2026 5:57 PM","1"
"C279","Validate selecting the exact maximum number of allowed skills.","","Yhomarys Pinzon","8/30/2026 5:58 PM","","","High","HUN-3","As a candidate","1","","Master","S6","Functional","Yhomarys Pinzon","8/30/2026 6:02 PM","1"
"C280","Validate blocking of skills above the maximum allowed limit.","","Yhomarys Pinzon","8/30/2026 6:02 PM","","","High","HUN-3","As a candidate","1","","Master","S6","Functional","Yhomarys Pinzon","8/30/2026 6:04 PM","1"
"C281","Validate removing a selected skill tag.","","Yhomarys Pinzon","8/30/2026 6:04 PM","","","Medium","HUN-3","As a candidate","1","","Master","S6","Functional","Yhomarys Pinzon","8/30/2026 6:06 PM","1"
"C282","Validate empty ""Core technical skills"" field restriction.","","Yhomarys Pinzon","8/30/2026 6:12 PM","","","High","HUN-3","As a candidate","1","","Master","S6","Functional","Yhomarys Pinzon","8/30/2026 6:15 PM","1"
"C283","Verify the visibility of the ""SAVE AND CONTINUE"" button.","","Yhomarys Pinzon","8/30/2026 6:16 PM","","","Medium","HUN-3","As a candidate","1","","Master","S6","Functional","Yhomarys Pinzon","8/30/2026 6:19 PM","1"
"C284","Validate the hover effect for the ""SAVE AND CONTINUE"" button.","","Yhomarys Pinzon","8/30/2026 6:19 PM","","","Medium","HUN-3","As a candidate","1","","Master","S6","Functional","Yhomarys Pinzon","8/30/2026 6:20 PM","1"
"C285","Validate the redirection of the ""SAVE AND CONTINUE"" button.","","Yhomarys Pinzon","8/30/2026 6:20 PM","","","High","HUN-3","As a candidate","1","","Master","S6","Functional","Yhomarys Pinzon","8/30/2026 6:22 PM","1"
"C286","Validate the visibility and tooltip of ""Desired base salary"" field.","","Yhomarys Pinzon","8/30/2026 6:31 PM","","","Medium","HUN-3","As a candidate","1","","Master","S6","Functional","Yhomarys Pinzon","8/30/2026 6:32 PM","1"
"C287","Validate salary toggle interaction.","","Yhomarys Pinzon","8/30/2026 6:33 PM","","","High","HUN-3","As a candidate","1","","Master","S6","Functional","Yhomarys Pinzon","8/30/2026 6:34 PM","1"
"C288","Validate the salary field with a valid numerical format.","","Yhomarys Pinzon","8/30/2026 6:34 PM","","","High","HUN-3","As a candidate","1","","Master","S6","Functional","Yhomarys Pinzon","8/30/2026 6:36 PM","1"
"C289","Validate the salary field containing only letters.","","Yhomarys Pinzon","8/30/2026 6:41 PM","","","High","HUN-3","As a candidate","1","","Master","S6","Functional","Yhomarys Pinzon","8/30/2026 6:43 PM","1"
"C290","Validate the salary field containing only special characters.","","Yhomarys Pinzon","8/30/2026 6:44 PM","","","High","HUN-3","As a candidate","1","","Master","S6","Functional","Yhomarys Pinzon","8/30/2026 6:52 PM","1"
"C291","Validate the empty salary field.","","Yhomarys Pinzon","8/30/2026 6:53 PM","","","High","HUN-3","As a candidate","1","","Master","S6","Functional","Yhomarys Pinzon","8/30/2026 6:55 PM","1"
"C292","Validate below annual salary minimum.","","Yhomarys Pinzon","8/30/2026 7:03 PM","","","Medium","HUN-3","As a candidate","1","","Master","S6","Functional","Yhomarys Pinzon","8/30/2026 7:06 PM","1"
"C293","Validate annual salary minimum limit.","","Yhomarys Pinzon","8/30/2026 7:11 PM","","","High","HUN-3","As a candidate","1","","Master","S6","Functional","Yhomarys Pinzon","8/30/2026 7:18 PM","1"
"C294","Validate the maximum annual salary limit.","","Yhomarys Pinzon","8/30/2026 7:19 PM","","","High","HUN-3","As a candidate","1","","Master","S6","Functional","Yhomarys Pinzon","8/30/2026 7:23 PM","1"
"C295","Validate restriction above annual salary maximum limit","","Yhomarys Pinzon","8/30/2026 7:28 PM","","","High","HUN-3","As a candidate","1","","Master","S6","Functional","Yhomarys Pinzon","8/30/2026 7:31 PM","1"
"C296","Validate below monthly salary minimum.","","Yhomarys Pinzon","8/30/2026 7:33 PM","","","High","HUN-3","As a candidate","1","","Master","S6","Functional","Yhomarys Pinzon","8/30/2026 7:36 PM","1"
"C297","Validate monthly salary minimum limit.","","Yhomarys Pinzon","8/30/2026 7:37 PM","","","High","HUN-3","As a candidate","1","","Master","S6","Functional","Yhomarys Pinzon","8/30/2026 7:38 PM","1"
"C298","Validate the maximum monthly salary limit.","","Yhomarys Pinzon","8/30/2026 7:39 PM","","","High","HUN-3","As a candidate","1","","Master","S6","Functional","Yhomarys Pinzon","8/30/2026 7:40 PM","1"
"C299","Validate restriction above monthly salary maximum limit.","","Yhomarys Pinzon","8/30/2026 7:41 PM","","","High","HUN-3","As a candidate","1","","Master","S6","Functional","Yhomarys Pinzon","8/30/2026 7:42 PM","1"
"C300","Validate salary currency selection.","","Yhomarys Pinzon","8/30/2026 7:46 PM","","","High","HUN-3","As a candidate","1","","Master","S6","Functional","Yhomarys Pinzon","8/30/2026 7:48 PM","1"
"C301","Validate the visibility of the ""Job experience"" field.","","Yhomarys Pinzon","8/30/2026 9:32 PM","","","Medium","HUN-3","As a candidate","1","","Master","S6","Functional","Yhomarys Pinzon","8/30/2026 9:33 PM","1"
"C302","Validate opening and closing the ""Job experience"" menu.","","Yhomarys Pinzon","8/30/2026 9:33 PM","","","High","HUN-3","As a candidate","1","","Master","S6","Functional","Yhomarys Pinzon","8/30/2026 9:35 PM","1"
"C303","Validate scrolling and hover effects in Job experience list.","","Yhomarys Pinzon","8/30/2026 9:35 PM","","","Medium","HUN-3","As a candidate","1","","Master","S6","Functional","Yhomarys Pinzon","8/30/2026 9:36 PM","1"
"C304","Validate selecting an option from ""Job experience"".","","Yhomarys Pinzon","8/30/2026 9:37 PM","","","High","HUN-3","As a candidate","1","","Master","S6","Functional","Yhomarys Pinzon","8/30/2026 9:38 PM","1"
"C305","Validate changing a previously selected experience option.","","Yhomarys Pinzon","8/30/2026 9:39 PM","","","Medium","HUN-3","As a candidate","1","","Master","S6","Functional","Yhomarys Pinzon","8/30/2026 9:40 PM","1"
"C306","Validate the empty ""Job experience"" field.","","Yhomarys Pinzon","8/30/2026 9:40 PM","","","High","HUN-3","As a candidate","1","","Master","S6","Functional","Yhomarys Pinzon","8/31/2026 6:25 PM","1"
"C307","Validate the visibility of the ""English level"" field.","","Yhomarys Pinzon","8/30/2026 9:45 PM","","","Medium","HUN-3","As a candidate","1","","Master","S6","Functional","Yhomarys Pinzon","8/30/2026 9:46 PM","1"
"C308","Validate opening and closing the ""English level"" menu.","","Yhomarys Pinzon","8/30/2026 9:47 PM","","","High","HUN-3","As a candidate","1","","Master","S6","Functional","Yhomarys Pinzon","8/30/2026 9:48 PM","1"
"C309","Validate scrolling and hover effects in English level list.","","Yhomarys Pinzon","8/30/2026 10:01 PM","","","Medium","HUN-3","As a candidate","1","","Master","S6","Functional","Yhomarys Pinzon","8/30/2026 10:02 PM","1"
"C310","Validate selecting an option from ""English level"".","","Yhomarys Pinzon","8/30/2026 10:03 PM","","","High","HUN-3","As a candidate","1","","Master","S6","Functional","Yhomarys Pinzon","8/30/2026 10:04 PM","1"
"C311","Validate changing a previously selected English level option.","","Yhomarys Pinzon","8/30/2026 10:04 PM","","","Medium","HUN-3","As a candidate","1","","Master","S6","Functional","Yhomarys Pinzon","8/30/2026 10:05 PM","1"
"C312","Validate the empty ""English level"" field.","","Yhomarys Pinzon","8/30/2026 10:06 PM","","","High","HUN-3","As a candidate","1","","Master","S6","Functional","Yhomarys Pinzon","8/30/2026 10:07 PM","1"
"C313","Validate the visibility of the ""Your location"" field.","","Yhomarys Pinzon","8/30/2026 10:10 PM","","","Medium","HUN-3","As a candidate","1","","Master","S6","Functional","Yhomarys Pinzon","8/30/2026 10:11 PM","1"
"C314","Validate opening and closing the location suggestion list.","","Yhomarys Pinzon","8/30/2026 10:11 PM","","","High","HUN-3","As a candidate","1","","Master","S6","Functional","Yhomarys Pinzon","8/30/2026 10:13 PM","1"
"C315","Validate case-insensitivity in location search typing.","","Yhomarys Pinzon","8/30/2026 10:13 PM","","","High","HUN-3","As a candidate","1","","Master","S6","Functional","Yhomarys Pinzon","8/30/2026 10:16 PM","1"
"C316","Validate the hover effect on location suggestion items.","","Yhomarys Pinzon","8/30/2026 10:16 PM","","","Medium","HUN-3","As a candidate","1","","Master","S6","Functional","Yhomarys Pinzon","8/30/2026 10:17 PM","1"
"C317","Validate selecting an option from the location list.","","Yhomarys Pinzon","8/30/2026 10:17 PM","","","High","HUN-3","As a candidate","1","","Master","S6","Functional","Yhomarys Pinzon","8/30/2026 10:19 PM","1"
"C318","Validate the ""Your location"" field when empty.","","Yhomarys Pinzon","8/30/2026 10:19 PM","","","High","HUN-3","As a candidate","1","","Master","S6","Functional","Yhomarys Pinzon","8/30/2026 10:21 PM","1"
"C319","Validate the visibility of the ""Employment options"" section.","","Yhomarys Pinzon","8/30/2026 10:37 PM","","","Medium","HUN-3","As a candidate","1","","Master","S6","Functional","Yhomarys Pinzon","8/30/2026 10:38 PM","1"
"C320","Validate selecting a single checkbox option.","","Yhomarys Pinzon","8/30/2026 10:39 PM","","","High","HUN-3","As a candidate","1","","Master","S6","Functional","Yhomarys Pinzon","8/30/2026 10:40 PM","1"
"C321","Validate unselecting a checkbox option.","","Yhomarys Pinzon","8/30/2026 10:41 PM","","","High","HUN-3","As a candidate","1","","Master","S6","Functional","Yhomarys Pinzon","8/30/2026 10:42 PM","1"
"C322","Validate selecting multiple checkbox options simultaneously.","","Yhomarys Pinzon","8/30/2026 10:42 PM","","","High","HUN-3","As a candidate","1","","Master","S6","Functional","Yhomarys Pinzon","8/30/2026 10:43 PM","1"
"C323","Validate field display when ""Office"" is selected.","","Yhomarys Pinzon","8/30/2026 10:45 PM","","","High","HUN-3","As a candidate","1","","Master","S6","Functional","Yhomarys Pinzon","8/30/2026 10:47 PM","1"
"C324","Validate typing interaction for valid office locations.","","Yhomarys Pinzon","8/30/2026 10:50 PM","","","High","HUN-3","As a candidate","1","","Master","S6","Functional","Yhomarys Pinzon","8/30/2026 10:51 PM","1"
"C326","Validate selecting multiple options from the office location dropdown.","","Yhomarys Pinzon","8/30/2026 10:55 PM","","","High","HUN-3","As a candidate","1","","Master","S6","Functional","Yhomarys Pinzon","8/30/2026 10:57 PM","1"
"C325","Validate typing interaction for invalid office locations.","","Yhomarys Pinzon","8/30/2026 10:52 PM","","","Medium","HUN-3","As a candidate","1","","Master","S6","Functional","Yhomarys Pinzon","8/30/2026 10:53 PM","1"
"C327","Validate removal of a selected office location tag.","","Yhomarys Pinzon","8/30/2026 10:57 PM","","","Medium","HUN-3","As a candidate","1","","Master","S6","Functional","Yhomarys Pinzon","8/30/2026 10:58 PM","1"
"C328","Validate the visibility of the ""SAVE AND CONTINUE"" button.","","Yhomarys Pinzon","8/30/2026 11:04 PM","","","Medium","HUN-3","As a candidate","1","","Master","S6","Functional","Yhomarys Pinzon","8/30/2026 11:05 PM","1"
"C329","Validate the hover effect for the ""SAVE AND CONTINUE"" button.","","Yhomarys Pinzon","8/30/2026 11:05 PM","","","Medium","HUN-3","As a candidate","1","","Master","S6","Functional","Yhomarys Pinzon","8/30/2026 11:06 PM","1"
"C330","Validate the redirection of the ""SAVE AND CONTINUE"" button.","","Yhomarys Pinzon","8/30/2026 11:06 PM","","","High","HUN-3","As a candidate","1","","Master","S6","Functional","Yhomarys Pinzon","8/30/2026 11:08 PM","1"
"C331","Check Upload from linkedin button visibility and hover state.","","Yhomarys Pinzon","8/31/2026 12:52 PM","","","Medium","HUN-3","As a candidate","1","","Master","S6","Functional","Yhomarys Pinzon","8/31/2026 1:24 PM","1"
"C332","Validate the expansion action of the ""Upload from LinkedIn"" button.","","Yhomarys Pinzon","8/31/2026 1:11 PM","","","High","HUN-3","As a candidate","1","","Master","S6","Functional","Yhomarys Pinzon","8/31/2026 3:26 PM","1"
"C333","Validate the visibility and placeholder of the ""Link to my LinkedIn profile"" field.","","Yhomarys Pinzon","8/31/2026 1:13 PM","","","Medium","HUN-3","As a candidate","1","","Master","S6","Functional","Yhomarys Pinzon","8/31/2026 1:33 PM","1"
"C334","Validate a valid ""Link to my LinkedIn profile"" URL format.","","Yhomarys Pinzon","8/31/2026 1:39 PM","","","High","HUN-3","As a candidate","1","","Master","S6","Functional","Yhomarys Pinzon","8/31/2026 2:19 PM","1"
"C335","Validate ""Link to my LinkedIn profile"" URL variations.","","Yhomarys Pinzon","8/31/2026 1:51 PM","","","High","HUN-3","As a candidate","1","","Master","S6","Functional","Yhomarys Pinzon","8/31/2026 2:20 PM","1"
"C336","Validate an invalid URL structure in ""Link to my LinkedIn profile"" field.","","Yhomarys Pinzon","8/31/2026 1:57 PM","","","High","HUN-3","As a candidate","1","","Master","S6","Functional","Yhomarys Pinzon","8/31/2026 2:21 PM","1"
"C337","Validate leading and trailing spaces in ""Link to my LinkedIn profile"" field.","","Yhomarys Pinzon","8/31/2026 2:21 PM","","","Medium","HUN-3","As a candidate","1","","Master","S6","Functional","Yhomarys Pinzon","8/31/2026 2:31 PM","1"
"C338","Validate the visibility and text layout of the permission checkbox.","","Yhomarys Pinzon","8/31/2026 2:40 PM","","","Medium","HUN-3","As a candidate","1","","Master","S6","Functional","Yhomarys Pinzon","8/31/2026 2:42 PM","1"
"C339","Check the default state of the permission checkbox.","","Yhomarys Pinzon","8/31/2026 2:42 PM","","","Medium","HUN-3","As a candidate","1","","Master","S6","Functional","Yhomarys Pinzon","8/31/2026 2:46 PM","1"
"C340","Validate screen behavior when permission checkbox is unchecked.","","Yhomarys Pinzon","8/31/2026 2:48 PM","","","High","HUN-3","As a candidate","1","","Master","S6","Functional","Yhomarys Pinzon","8/31/2026 3:00 PM","1"
"C341","Validate the visibility of the Import Experience button.","","Yhomarys Pinzon","8/31/2026 3:03 PM","","","Medium","HUN-3","As a candidate","1","","Master","S6","Functional","Yhomarys Pinzon","8/31/2026 3:04 PM","1"
"C342","Validate the hover effect of the Import Experience button.","","Yhomarys Pinzon","8/31/2026 3:04 PM","","","Low","HUN-3","As a candidate","1","","Master","S6","Functional","Yhomarys Pinzon","8/31/2026 3:06 PM","1"
"C343","Validate the redirection of the Import Experience button.","","Yhomarys Pinzon","8/31/2026 3:07 PM","","","High","HUN-3","As a candidate","1","","Master","S6","Functional","Yhomarys Pinzon","8/31/2026 3:08 PM","1"
"C344","Validate the visibility of the Cancel button.","","Yhomarys Pinzon","8/31/2026 3:09 PM","","","Medium","HUN-3","As a candidate","1","","Master","S6","Functional","Yhomarys Pinzon","8/31/2026 3:10 PM","1"
"C345","Validate the hover effect of the Cancel button.","","Yhomarys Pinzon","8/31/2026 3:10 PM","","","Low","HUN-3","As a candidate","1","","Master","S6","Functional","Yhomarys Pinzon","8/31/2026 3:11 PM","1"
"C346","Validate the cancellation action of the Cancel button.","","Yhomarys Pinzon","8/31/2026 3:12 PM","","","High","HUN-3","As a candidate","1","","Master","S6","Functional","Yhomarys Pinzon","8/31/2026 3:18 PM","1"
"C347","Validate the visibility of the Add Manually button.","","Yhomarys Pinzon","8/31/2026 3:20 PM","","","Medium","HUN-3","As a candidate","1","","Master","S6","Functional","Yhomarys Pinzon","8/31/2026 3:20 PM","1"
"C348","Validate the hover effect of the Add Manually button.","","Yhomarys Pinzon","8/31/2026 3:21 PM","","","Low","HUN-3","As a candidate","1","","Master","S6","Functional","Yhomarys Pinzon","8/31/2026 3:22 PM","1"
"C349","Validate the expansion action of the Add Manually button.","","Yhomarys Pinzon","8/31/2026 3:22 PM","","","High","HUN-3","As a candidate","1","","Master","S6","Functional","Yhomarys Pinzon","8/31/2026 3:24 PM","1"
"C350","Validate empty Role field.","","Yhomarys Pinzon","8/31/2026 3:32 PM","","","High","HUN-3","As a candidate","1","","Master","S6","Functional","Yhomarys Pinzon","8/31/2026 3:48 PM","1"
"C351","Validate Role field with a valid format.","","Yhomarys Pinzon","8/31/2026 3:36 PM","","","High","HUN-3","As a candidate","1","","Master","S6","Functional","Yhomarys Pinzon","8/31/2026 3:46 PM","1"
"C352","Validate Role field containing only numbers.","","Yhomarys Pinzon","8/31/2026 3:44 PM","","","Medium","HUN-3","As a candidate","1","","Master","S6","Functional","Yhomarys Pinzon","8/31/2026 3:45 PM","1"
"C353","Validate case-insensitivity in Role field.","","Yhomarys Pinzon","8/31/2026 3:46 PM","","","Medium","HUN-3","As a candidate","1","","Master","S6","Functional","Yhomarys Pinzon","8/31/2026 3:48 PM","1"
"C354","Validate Role field containing only special characters.","","Yhomarys Pinzon","8/31/2026 3:48 PM","","","High","HUN-3","As a candidate","1","","Master","S6","Functional","Yhomarys Pinzon","8/31/2026 3:50 PM","1"
"C355","Validate leading and trailing spaces in Role field.","","Yhomarys Pinzon","8/31/2026 3:51 PM","","","Medium","HUN-3","As a candidate","1","","Master","S6","Functional","Yhomarys Pinzon","8/31/2026 3:52 PM","1"
"C356","Validate spaces between words in Role field.","","Yhomarys Pinzon","8/31/2026 3:53 PM","","","Medium","HUN-3","As a candidate","1","","Master","S6","Functional","Yhomarys Pinzon","8/31/2026 3:55 PM","1"
"C357","Validate Role field with a length less than the minimum.","","Yhomarys Pinzon","8/31/2026 3:55 PM","","","Medium","HUN-3","As a candidate","1","","Master","S6","Functional","Yhomarys Pinzon","9/3/2026 2:19 PM","1"
"C358","Validate the minimum character limit for Role field.","","Yhomarys Pinzon","8/31/2026 3:59 PM","","","Medium","HUN-3","As a candidate","1","","Master","S6","Functional","Yhomarys Pinzon","8/31/2026 4:09 PM","1"
"C359","Validate the maximum character limit for Role field.","","Yhomarys Pinzon","8/31/2026 4:09 PM","","","Medium","HUN-3","As a candidate","1","","Master","S6","Functional","Yhomarys Pinzon","8/31/2026 4:12 PM","1"
"C360","Validate Role field length above maximum.","","Yhomarys Pinzon","8/31/2026 4:13 PM","","","High","HUN-3","As a candidate","1","","Master","S6","Functional","Yhomarys Pinzon","8/31/2026 4:14 PM","1"
"C361","Validate empty Company name field.","","Yhomarys Pinzon","8/31/2026 5:39 PM","","","High","HUN-3","As a candidate","1","","Master","S6","Functional","Yhomarys Pinzon","8/31/2026 5:48 PM","1"
"C362","Validate Company name field with a valid format.","","Yhomarys Pinzon","8/31/2026 5:49 PM","","","High","HUN-3","As a candidate","1","","Master","S6","Functional","Yhomarys Pinzon","8/31/2026 5:50 PM","1"
"C363","Validate Company name field containing only numbers.","","Yhomarys Pinzon","8/31/2026 5:51 PM","","","Medium","HUN-3","As a candidate","1","","Master","S6","Functional","Yhomarys Pinzon","8/31/2026 5:53 PM","1"
"C364","Validate case-insensitivity in Company name field.","","Yhomarys Pinzon","8/31/2026 5:53 PM","","","Medium","HUN-3","As a candidate","1","","Master","S6","Functional","Yhomarys Pinzon","8/31/2026 5:55 PM","1"
"C365","Validate Company name field containing only special characters.","","Yhomarys Pinzon","8/31/2026 5:56 PM","","","High","HUN-3","As a candidate","1","","Master","S6","Functional","Yhomarys Pinzon","8/31/2026 5:59 PM","1"
"C366","Validate leading and trailing spaces in Company name field.","","Yhomarys Pinzon","8/31/2026 5:59 PM","","","Medium","HUN-3","As a candidate","1","","Master","S6","Functional","Yhomarys Pinzon","8/31/2026 6:01 PM","1"
"C367","Validate spaces between words in Company name field.","","Yhomarys Pinzon","8/31/2026 6:01 PM","","","Low","HUN-3","As a candidate","1","","Master","S6","Functional","Yhomarys Pinzon","8/31/2026 6:05 PM","1"
"C368","Validate Company name field with a length less than the minimum.","","Yhomarys Pinzon","8/31/2026 6:05 PM","","","Medium","HUN-3","As a candidate","1","","Master","S6","Functional","Yhomarys Pinzon","9/3/2026 2:19 PM","1"
"C369","Validate the minimum character limit for Company name field.","","Yhomarys Pinzon","8/31/2026 6:08 PM","","","Medium","HUN-3","As a candidate","1","","Master","S6","Functional","Yhomarys Pinzon","8/31/2026 6:11 PM","1"
"C370","Validate the maximum character limit for Company name field.","","Yhomarys Pinzon","8/31/2026 6:12 PM","","","Medium","HUN-3","As a candidate","1","","Master","S6","Functional","Yhomarys Pinzon","8/31/2026 6:18 PM","1"
"C371","Validate Company name field length above maximum.","","Yhomarys Pinzon","8/31/2026 6:18 PM","","","High","HUN-3","As a candidate","1","","Master","S6","Functional","Yhomarys Pinzon","8/31/2026 6:22 PM","1"
"C372","Validate the visibility of the Month field inside Start date section.","","Yhomarys Pinzon","8/31/2026 6:31 PM","","","Medium","HUN-3","As a candidate","1","","Master","S6","Functional","Yhomarys Pinzon","8/31/2026 6:33 PM","1"
"C373","Validate the expansion and collapse behavior of the Month field.","","Yhomarys Pinzon","8/31/2026 6:33 PM","","","Medium","HUN-3","As a candidate","1","","Master","S6","Functional","Yhomarys Pinzon","8/31/2026 6:38 PM","1"
"C374","Validate scrolling and hover effects in Month list.","","Yhomarys Pinzon","8/31/2026 6:35 PM","","","Medium","HUN-3","As a candidate","1","","Master","S6","Functional","Yhomarys Pinzon","8/31/2026 6:46 PM","1"
"C375","Validate selecting an option from Month.","","Yhomarys Pinzon","8/31/2026 6:46 PM","","","High","HUN-3","As a candidate","1","","Master","S6","Functional","Yhomarys Pinzon","8/31/2026 6:48 PM","1"
"C376","Validate changing a previously selected Month option.","","Yhomarys Pinzon","8/31/2026 6:49 PM","","","Medium","HUN-3","As a candidate","1","","Master","S6","Functional","Yhomarys Pinzon","8/31/2026 6:51 PM","1"
"C377","Validate empty Month field validation.","","Yhomarys Pinzon","8/31/2026 6:51 PM","","","High","HUN-3","As a candidate","1","","Master","S6","Functional","Yhomarys Pinzon","9/1/2026 2:56 PM","1"
"C378","Validate the visibility of the Year field.","","Yhomarys Pinzon","8/31/2026 7:03 PM","","","Medium","HUN-3","As a candidate","1","","Master","S6","Functional","Yhomarys Pinzon","8/31/2026 7:04 PM","1"
"C379","Validate empty Year field.","","Yhomarys Pinzon","8/31/2026 7:05 PM","","","High","HUN-3","As a candidate","1","","Master","S6","Functional","Yhomarys Pinzon","8/31/2026 7:07 PM","1"
"C380","Validate Year field with a valid format.","","Yhomarys Pinzon","8/31/2026 7:07 PM","","","High","HUN-3","As a candidate","1","","Master","S6","Functional","Yhomarys Pinzon","8/31/2026 7:08 PM","1"
"C381","Validate invalid formats in Year field.","","Yhomarys Pinzon","8/31/2026 7:10 PM","","","High","HUN-3","As a candidate","1","","Master","S6","Functional","Yhomarys Pinzon","8/31/2026 7:23 PM","1"
"C382","Validate leading and trailing spaces in Year field.","","Yhomarys Pinzon","8/31/2026 7:23 PM","","","Medium","HUN-3","As a candidate","1","","Master","S6","Functional","Yhomarys Pinzon","8/31/2026 7:25 PM","1"
"C383","Validate spaces between numbers in Year field.","","Yhomarys Pinzon","8/31/2026 7:25 PM","","","Medium","HUN-3","As a candidate","1","","Master","S6","Functional","Yhomarys Pinzon","8/31/2026 7:27 PM","1"
"C384","Validate Year field with a length less than the minimum.","","Yhomarys Pinzon","8/31/2026 7:28 PM","","","High","HUN-3","As a candidate","1","","Master","S6","Functional","Yhomarys Pinzon","8/31/2026 7:37 PM","1"
"C385","Validate the minimum character limit for Year field.","","Yhomarys Pinzon","8/31/2026 7:31 PM","","","Medium","HUN-3","As a candidate","1","","Master","S6","Functional","Yhomarys Pinzon","8/31/2026 7:36 PM","1"
"C386","Validate the maximum character limit for Year field.","","Yhomarys Pinzon","8/31/2026 7:38 PM","","","Medium","HUN-3","As a candidate","1","","Master","S6","Functional","Yhomarys Pinzon","8/31/2026 7:42 PM","1"
"C387","Validate Year field length above maximum.","","Yhomarys Pinzon","8/31/2026 7:43 PM","","","High","HUN-3","As a candidate","1","","Master","S6","Functional","Yhomarys Pinzon","8/31/2026 7:47 PM","1"
"C388","Validate the visibility of the Im working here button.","","Yhomarys Pinzon","9/1/2026 1:48 PM","","","Medium","HUN-3","As a candidate","1","","Master","S6","Functional","Yhomarys Pinzon","9/1/2026 1:49 PM","1"
"C389","Validate the hover effect of the Im working here button.","","Yhomarys Pinzon","9/1/2026 1:49 PM","","","Low","HUN-3","As a candidate","1","","Master","S6","Functional","Yhomarys Pinzon","9/1/2026 1:51 PM","1"
"C390","Validate the activation behavior of the Im working here button.","","Yhomarys Pinzon","9/1/2026 1:51 PM","","","High","HUN-3","As a candidate","1","","Master","S6","Functional","Yhomarys Pinzon","9/1/2026 1:53 PM","1"
"C391","Validate the visibility of the End date Month field.","","Yhomarys Pinzon","9/1/2026 2:30 PM","","","Medium","HUN-3","As a candidate","1","","Master","S6","Functional","Yhomarys Pinzon","9/1/2026 2:31 PM","1"
"C392","Validate the expansion and collapse behavior of the End date Month field.","","Yhomarys Pinzon","9/1/2026 2:32 PM","","","Medium","HUN-3","As a candidate","1","","Master","S6","Functional","Yhomarys Pinzon","9/1/2026 2:35 PM","1"
"C393","Validate scrolling and hover effects in End date Month list.","","Yhomarys Pinzon","9/1/2026 2:35 PM","","","Medium","HUN-3","As a candidate","1","","Master","S6","Functional","Yhomarys Pinzon","9/1/2026 2:36 PM","1"
"C394","Validate selecting an option from End date Month.","","Yhomarys Pinzon","9/1/2026 2:37 PM","","","High","HUN-3","As a candidate","1","","Master","S6","Functional","Yhomarys Pinzon","9/1/2026 2:39 PM","1"
"C395","Validate changing a previously selected End date Month option.","","Yhomarys Pinzon","9/1/2026 2:40 PM","","","Medium","HUN-3","As a candidate","1","","Master","S6","Functional","Yhomarys Pinzon","9/1/2026 2:44 PM","1"
"C396","Validate empty End date Month field validation.","","Yhomarys Pinzon","9/1/2026 2:45 PM","","","High","HUN-3","As a candidate","1","","Master","S6","Functional","Yhomarys Pinzon","9/1/2026 2:51 PM","1"
"C397","Validate the visibility of the End date Year field.","","Yhomarys Pinzon","9/1/2026 3:12 PM","","","Medium","HUN-3","As a candidate","1","","Master","S6","Functional","Yhomarys Pinzon","9/1/2026 3:14 PM","1"
"C398","Validate End date Year field with a valid format.","","Yhomarys Pinzon","9/1/2026 3:13 PM","","","High","HUN-3","As a candidate","1","","Master","S6","Functional","Yhomarys Pinzon","9/1/2026 3:17 PM","1"
"C399","Validate invalid formats in End date Year field.","","Yhomarys Pinzon","9/1/2026 3:17 PM","","","High","HUN-3","As a candidate","1","","Master","S6","Functional","Yhomarys Pinzon","9/1/2026 3:21 PM","1"
"C400","Validate leading and trailing spaces in End date Year field.","","Yhomarys Pinzon","9/1/2026 3:22 PM","","","Medium","HUN-3","As a candidate","1","","Master","S6","Functional","Yhomarys Pinzon","9/1/2026 3:23 PM","1"
"C401","Validate spaces between numbers in End date Year field.","","Yhomarys Pinzon","9/1/2026 3:24 PM","","","Medium","HUN-3","As a candidate","1","","Master","S6","Functional","Yhomarys Pinzon","9/1/2026 3:26 PM","1"
"C402","Validate End date Year field with a length less than the minimum.","","Yhomarys Pinzon","9/1/2026 3:26 PM","","","High","HUN-3","As a candidate","1","","Master","S6","Functional","Yhomarys Pinzon","9/1/2026 3:30 PM","1"
"C403","Validate the minimum character limit for End date Year field.","","Yhomarys Pinzon","9/1/2026 3:45 PM","","","Medium","HUN-3","As a candidate","1","","Master","S6","Functional","Yhomarys Pinzon","9/1/2026 3:46 PM","1"
"C404","Validate the maximum character limit for End date Year field.","","Yhomarys Pinzon","9/1/2026 3:47 PM","","","Medium","HUN-3","As a candidate","1","","Master","S6","Functional","Yhomarys Pinzon","9/1/2026 3:48 PM","1"
"C405","Validate End date Year field length above maximum.","","Yhomarys Pinzon","9/1/2026 3:49 PM","","","High","HUN-3","As a candidate","1","","Master","S6","Functional","Yhomarys Pinzon","9/1/2026 3:51 PM","1"
"C406","Validate empty End date Year field.","","Yhomarys Pinzon","9/1/2026 3:52 PM","","","High","HUN-3","As a candidate","1","","Master","S6","Functional","Yhomarys Pinzon","9/1/2026 3:54 PM","1"
"C407","Validate the visibility of the Achievements field.","","Yhomarys Pinzon","9/1/2026 4:14 PM","","","Medium","HUN-3","As a candidate","1","","Master","S6","Functional","Yhomarys Pinzon","9/1/2026 4:16 PM","1"
"C408","Validate Achievements field with a valid format.","","Yhomarys Pinzon","9/1/2026 4:16 PM","","","High","HUN-3","As a candidate","1","","Master","S6","Functional","Yhomarys Pinzon","9/1/2026 4:18 PM","1"
"C409","Validate Achievements field containing only numbers.","","Yhomarys Pinzon","9/1/2026 4:23 PM","","","Medium","HUN-3","As a candidate","1","","Master","S6","Functional","Yhomarys Pinzon","9/1/2026 4:32 PM","1"
"C410","Validate Achievements field containing only special characters.","","Yhomarys Pinzon","9/1/2026 4:33 PM","","","Medium","HUN-3","As a candidate","1","","Master","S6","Functional","Yhomarys Pinzon","9/1/2026 4:35 PM","1"
"C411","Validate case-insensitivity in Achievements field.","","Yhomarys Pinzon","9/1/2026 4:55 PM","","","Low","HUN-3","As a candidate","1","","Master","S6","Functional","Yhomarys Pinzon","9/1/2026 4:57 PM","1"
"C412","Validate leading and trailing spaces in Achievements field.","","Yhomarys Pinzon","9/1/2026 4:58 PM","","","Medium","HUN-3","As a candidate","1","","Master","S6","Functional","Yhomarys Pinzon","9/1/2026 4:59 PM","1"
"C413","Validate Achievements field with a length less than the minimum.","","Yhomarys Pinzon","9/1/2026 5:00 PM","","","Medium","HUN-3","As a candidate","1","","Master","S6","Functional","Yhomarys Pinzon","9/3/2026 2:21 PM","1"
"C414","Validate the minimum character limit for the Achievements field.","","Yhomarys Pinzon","9/1/2026 5:05 PM","","","Medium","HUN-3","As a candidate","1","","Master","S6","Functional","Yhomarys Pinzon","9/1/2026 5:13 PM","1"
"C415","Validate the maximum character limit for the Achievements field.","","Yhomarys Pinzon","9/1/2026 5:10 PM","","","Medium","HUN-3","As a candidate","1","","Master","S6","Functional","Yhomarys Pinzon","9/1/2026 5:12 PM","1"
"C416","Validate Achievements field length above maximum.","","Yhomarys Pinzon","9/1/2026 5:13 PM","","","Medium","HUN-3","As a candidate","1","","Master","S6","Functional","Yhomarys Pinzon","9/1/2026 5:18 PM","1"
"C417","Validate the visibility of the manual Save button.","","Yhomarys Pinzon","9/1/2026 5:20 PM","","","Medium","HUN-3","As a candidate","1","","Master","S6","Functional","Yhomarys Pinzon","9/1/2026 5:21 PM","1"
"C418","Validate the hover effect of the manual Save button.","","Yhomarys Pinzon","9/1/2026 5:21 PM","","","Low","HUN-3","As a candidate","1","","Master","S6","Functional","Yhomarys Pinzon","9/1/2026 5:22 PM","1"
"C419","Validate the save action of the Save button.","","Yhomarys Pinzon","9/1/2026 5:24 PM","","","High","HUN-3","As a candidate","1","","Master","S6","Functional","Yhomarys Pinzon","9/1/2026 5:28 PM","1"
"C420","Validate the visibility of the manual Cancel button.","","Yhomarys Pinzon","9/1/2026 5:28 PM","","","Medium","HUN-3","As a candidate","1","","Master","S6","Functional","Yhomarys Pinzon","9/1/2026 5:29 PM","1"
"C421","Validate the hover effect of the manual Cancel button.","","Yhomarys Pinzon","9/1/2026 5:29 PM","","","Low","HUN-3","As a candidate","1","","Master","S6","Functional","Yhomarys Pinzon","9/1/2026 5:30 PM","1"
"C422","Validate the cancellation action of the manual Cancel button.","","Yhomarys Pinzon","9/1/2026 5:30 PM","","","High","HUN-3","As a candidate","1","","Master","S6","Functional","Yhomarys Pinzon","9/1/2026 5:32 PM","1"
"C423","Validate the visibility of the Achievements/Key results field.","","Yhomarys Pinzon","9/1/2026 5:37 PM","","","Medium","HUN-3","As a candidate","1","","Master","S6","Functional","Yhomarys Pinzon","9/1/2026 6:30 PM","1"
"C424","Verify Example accordion button functionality.","","Yhomarys Pinzon","9/1/2026 5:41 PM","","","Medium","HUN-3","As a candidate","1","","Master","S6","Functional","Yhomarys Pinzon","9/1/2026 5:58 PM","1"
"C425","Validate Achievements/Key results field with a valid format.","","Yhomarys Pinzon","9/1/2026 5:44 PM","","","High","HUN-3","As a candidate","1","","Master","S6","Functional","Yhomarys Pinzon","9/1/2026 6:30 PM","1"
"C426","Validate invalid formats in Achievements/Key results field.","","Yhomarys Pinzon","9/1/2026 5:49 PM","","","High","HUN-3","As a candidate","1","","Master","S6","Functional","Yhomarys Pinzon","9/1/2026 6:30 PM","1"
"C427","Validate case-insensitivity in the Achievements/Key results field.","","Yhomarys Pinzon","9/1/2026 5:54 PM","","","Low","HUN-3","As a candidate","1","","Master","S6","Functional","Yhomarys Pinzon","9/1/2026 6:30 PM","1"
"C428","Validate spaces at the beginning and end of the Achievements/Key results field.","","Yhomarys Pinzon","9/1/2026 5:57 PM","","","Medium","HUN-3","As a candidate","1","","Master","S6","Functional","Yhomarys Pinzon","9/1/2026 6:29 PM","1"
"C429","Validate the Achievements/Key Results field with a length less than the minimum.","","Yhomarys Pinzon","9/1/2026 6:01 PM","","","Medium","HUN-3","As a candidate","1","","Master","S6","Functional","Yhomarys Pinzon","9/3/2026 1:50 PM","1"
"C430","Validate the minimum character limit for Achievements/Key Results field.","","Yhomarys Pinzon","9/1/2026 6:12 PM","","","Medium","HUN-3","As a candidate","1","","Master","S6","Functional","Yhomarys Pinzon","9/1/2026 6:29 PM","1"
"C431","Validate the maximum character limit for Achievements/Key Results field.","","Yhomarys Pinzon","9/1/2026 6:16 PM","","","Medium","HUN-3","As a candidate","1","","Master","S6","Functional","Yhomarys Pinzon","9/1/2026 6:29 PM","1"
"C432","Validate Achievements/Key Results field length above maximum.","","Yhomarys Pinzon","9/1/2026 6:18 PM","","","High","HUN-3","As a candidate","1","","Master","S6","Functional","Yhomarys Pinzon","9/1/2026 6:28 PM","1"
"C433","Validate empty Achievements/Key results field.","","Yhomarys Pinzon","9/1/2026 6:22 PM","","","High","HUN-3","As a candidate","1","","Master","S6","Functional","Yhomarys Pinzon","9/1/2026 6:29 PM","1"
"C434","Validate the visibility of the Expectations from work (optional) from work field.","","Yhomarys Pinzon","9/1/2026 6:41 PM","","","Medium","HUN-3","As a candidate","1","","Master","S6","Functional","Yhomarys Pinzon","9/1/2026 6:48 PM","1"
"C435","Verify Example accordion button functionality.","","Yhomarys Pinzon","9/1/2026 6:44 PM","","","Medium","HUN-3","As a candidate","1","","Master","S6","Functional","Yhomarys Pinzon","9/1/2026 6:47 PM","1"
"C436","Validate the empty Expectations from work (optional) field.","","Yhomarys Pinzon","9/1/2026 6:53 PM","","","High","HUN-3","As a candidate","1","","Master","S6","Functional","Yhomarys Pinzon","9/3/2026 1:29 PM","1"
"C437","Validate Expectations from work (optional) field with a valid format.","","Yhomarys Pinzon","9/3/2026 1:25 PM","","","High","HUN-3","As a candidate","1","","Master","S6","Functional","Yhomarys Pinzon","9/3/2026 1:30 PM","1"
"C438","Validate invalid formats in Expectations from work (optional) field.","","Yhomarys Pinzon","9/3/2026 1:29 PM","","","Medium","HUN-3","As a candidate","1","","Master","S6","Functional","Yhomarys Pinzon","9/3/2026 1:35 PM","1"
"C439","Validate case insensitivity in Expectations from work (optional) field.","","Yhomarys Pinzon","9/3/2026 1:35 PM","","","Low","HUN-3","As a candidate","1","","Master","S6","Functional","Yhomarys Pinzon","9/3/2026 1:46 PM","1"
"C440","Validate leading and trailing spaces in Expectations from work (optional) field.","","Yhomarys Pinzon","9/3/2026 1:40 PM","","","Medium","HUN-3","As a candidate","1","","Master","S6","Functional","Yhomarys Pinzon","9/3/2026 1:46 PM","1"
"C441","Validate the Expectations from work (optional) field with a length less than the minimum.","","Yhomarys Pinzon","9/3/2026 1:46 PM","","","Medium","HUN-3","As a candidate","1","","Master","S6","Functional","Yhomarys Pinzon","9/3/2026 2:15 PM","1"
"C442","Validate the minimum character limit for Expectations from work (optional) field.","","Yhomarys Pinzon","9/3/2026 1:58 PM","","","Medium","HUN-3","As a candidate","1","","Master","S6","Functional","Yhomarys Pinzon","9/3/2026 2:01 PM","1"
"C443","Validate the maximum character limit for Expectations from work (optional) field.","","Yhomarys Pinzon","9/3/2026 2:02 PM","","","Medium","HUN-3","As a candidate","1","","Master","S6","Functional","Yhomarys Pinzon","9/3/2026 2:08 PM","1"
"C444","Validate Expectations field length above maximum.","","Yhomarys Pinzon","9/3/2026 2:08 PM","","","High","HUN-3","As a candidate","1","","Master","S6","Functional","Yhomarys Pinzon","9/3/2026 2:10 PM","1"
"C445","Validate the visibility of the Avatar type tabs.","","Yhomarys Pinzon","9/3/2026 2:56 PM","","","High","HUN-3","As a candidate","1","","Master","S6","Functional","Yhomarys Pinzon","9/3/2026 3:08 PM","1"
"C446","Validate the visibility of the Choose NFT Avatar block.","","Yhomarys Pinzon","9/3/2026 3:09 PM","","","Medium","HUN-3","As a candidate","1","","Master","S6","Functional","Yhomarys Pinzon","9/3/2026 3:39 PM","1"
"C447","Validate the hover effect on the avatar selection tabs.","","Yhomarys Pinzon","9/3/2026 3:15 PM","","","Low","HUN-3","As a candidate","1","","Master","S6","Functional","Yhomarys Pinzon","9/3/2026 3:20 PM","1"
"C448","Validate the click action to open the NFT avatar modal.","","Yhomarys Pinzon","9/3/2026 3:22 PM","","","High","HUN-3","As a candidate","1","","Master","S6","Functional","Yhomarys Pinzon","9/3/2026 3:31 PM","1"
"C449","Validate the cancellation action via the modal close button.","","Yhomarys Pinzon","9/3/2026 3:31 PM","","","High","HUN-3","As a candidate","1","","Master","S6","Functional","Yhomarys Pinzon","9/3/2026 3:38 PM","1"
"C450","Validate the visibility of the Wallet address to receive free NFT field.","","Yhomarys Pinzon","9/3/2026 3:47 PM","","","Medium","HUN-3","As a candidate","1","","Master","S6","Functional","Yhomarys Pinzon","9/4/2026 11:57 AM","1"
"C451","Validate the tooltip information of the Wallet address to receive free NFT field.","","Yhomarys Pinzon","9/3/2026 3:51 PM","","","Medium","HUN-3","As a candidate","1","","Master","S6","Functional","Yhomarys Pinzon","9/4/2026 11:56 AM","1"
"C452","Validate that the Wallet address to receive free NFT field is optional.","","Yhomarys Pinzon","9/3/2026 3:55 PM","","","High","HUN-3","As a candidate","1","","Master","S6","Functional","Yhomarys Pinzon","9/4/2026 11:56 AM","1"
"C453","Validate a valid Wallet address to receive free NFT format.","","Yhomarys Pinzon","9/3/2026 4:02 PM","","","High","HUN-3","As a candidate","1","","Master","S6","Functional","Yhomarys Pinzon","9/4/2026 11:55 AM","1"
"C454","Validate invalid Wallet address to receive free NFT format missing the 0x prefix.","","Yhomarys Pinzon","9/4/2026 11:51 AM","","","High","HUN-3","As a candidate","1","","Master","S6","Functional","Yhomarys Pinzon","9/4/2026 11:55 AM","1"
"C455","Validate Wallet address to receive free NFT field with a length less than the minimum.","","Yhomarys Pinzon","9/4/2026 12:02 PM","","","Medium","HUN-3","As a candidate","1","","Master","S6","Functional","Yhomarys Pinzon","9/4/2026 12:06 PM","1"
"C456","Validate the maximum character limit for Wallet address to receive free NFT field.","","Yhomarys Pinzon","9/4/2026 12:09 PM","","","Medium","HUN-3","As a candidate","1","","Master","S6","Functional","Yhomarys Pinzon","9/4/2026 12:13 PM","1"
"C457","Validate Wallet address to receive free NFT field length above maximum.","","Yhomarys Pinzon","9/4/2026 12:14 PM","","","High","HUN-3","As a candidate","1","","Master","S6","Functional","Yhomarys Pinzon","9/4/2026 12:30 PM","1"
"C458","Validate the visibility of the Upload your photo section.","","Yhomarys Pinzon","9/4/2026 12:40 PM","","","Medium","HUN-3","As a candidate","1","","Master","S6","Functional","Yhomarys Pinzon","9/4/2026 12:45 PM","1"
"C459","Validate the click action to trigger file upload selection.","","Yhomarys Pinzon","9/4/2026 12:46 PM","","","High","HUN-3","As a candidate","1","","Master","S6","Functional","Yhomarys Pinzon","9/4/2026 12:49 PM","1"
"C460","Validate upload of a valid photo profile.","","Yhomarys Pinzon","9/4/2026 12:50 PM","","","High","HUN-3","As a candidate","1","","Master","S6","Functional","Yhomarys Pinzon","9/4/2026 12:52 PM","1"
"C461","Validate upload of an invalid file format for photo profile.","","Yhomarys Pinzon","9/4/2026 12:53 PM","","","High","HUN-3","As a candidate","1","","Master","S6","Functional","Yhomarys Pinzon","9/4/2026 12:55 PM","1"
"C462","Validate replacing a previously uploaded profile photo.","","Yhomarys Pinzon","9/4/2026 1:01 PM","","","High","HUN-3","As a candidate","1","","Master","S6","Functional","Yhomarys Pinzon","9/4/2026 1:13 PM","1"
"C463","Validate empty First name field.","","Yhomarys Pinzon","9/4/2026 1:18 PM","","","High","HUN-3","As a candidate","1","","Master","S6","Functional","Yhomarys Pinzon","9/4/2026 1:21 PM","1"
"C464","Validate First name field with a valid format.","","Yhomarys Pinzon","9/4/2026 1:45 PM","","","High","HUN-3","As a candidate","1","","Master","S6","Functional","Yhomarys Pinzon","9/4/2026 1:47 PM","1"
"C465","Validate First name field containing only numbers.","","Yhomarys Pinzon","9/4/2026 1:48 PM","","","Medium","HUN-3","As a candidate","1","","Master","S6","Functional","Yhomarys Pinzon","9/4/2026 1:52 PM","1"
"C466","Validate case insensitivity in First name field.","","Yhomarys Pinzon","9/4/2026 1:52 PM","","","Low","HUN-3","As a candidate","1","","Master","S6","Functional","Yhomarys Pinzon","9/4/2026 1:54 PM","1"
"C467","Validate First name field containing only special characters.","","Yhomarys Pinzon","9/4/2026 1:55 PM","","","Medium","HUN-3","As a candidate","1","","Master","S6","Functional","Yhomarys Pinzon","9/4/2026 1:57 PM","1"
"C468","Validate leading and trailing spaces in First name field.","","Yhomarys Pinzon","9/4/2026 1:58 PM","","","Medium","HUN-3","As a candidate","1","","Master","S6","Functional","Yhomarys Pinzon","9/4/2026 2:00 PM","1"
"C469","Validate spaces between words in First name field.","","Yhomarys Pinzon","9/4/2026 2:00 PM","","","Medium","HUN-3","As a candidate","1","","Master","S6","Functional","Yhomarys Pinzon","9/4/2026 2:02 PM","1"
"C470","Validate First name field length below minimum.","","Yhomarys Pinzon","9/4/2026 2:03 PM","","","Medium","HUN-3","As a candidate","1","","Master","S6","Functional","Yhomarys Pinzon","9/4/2026 2:06 PM","1"
"C471","Validate the minimum character limit for First name field.","","Yhomarys Pinzon","9/4/2026 2:07 PM","","","Medium","HUN-3","As a candidate","1","","Master","S6","Functional","Yhomarys Pinzon","9/4/2026 2:12 PM","1"
"C472","Validate the maximum character limit for First name field.","","Yhomarys Pinzon","9/4/2026 2:13 PM","","","Medium","HUN-3","As a candidate","1","","Master","S6","Functional","Yhomarys Pinzon","9/4/2026 2:18 PM","1"
"C473","Validate First name field length above maximum.","","Yhomarys Pinzon","9/4/2026 2:18 PM","","","High","HUN-3","As a candidate","1","","Master","S6","Functional","Yhomarys Pinzon","9/4/2026 2:22 PM","1"
"C474","Validate empty Last name field.","","Yhomarys Pinzon","9/4/2026 2:26 PM","","","High","HUN-3","As a candidate","1","","Master","S6","Functional","Yhomarys Pinzon","9/4/2026 2:29 PM","1"
"C475","Validate Last name field with a valid format.","","Yhomarys Pinzon","9/4/2026 2:29 PM","","","High","HUN-3","As a candidate","1","","Master","S6","Functional","Yhomarys Pinzon","9/4/2026 2:31 PM","1"
"C476","Validate Last name field containing only numbers.","","Yhomarys Pinzon","9/4/2026 2:32 PM","","","Medium","HUN-3","As a candidate","1","","Master","S6","Functional","Yhomarys Pinzon","9/4/2026 2:34 PM","1"
"C477","Validate case insensitivity in Last name field.","","Yhomarys Pinzon","9/4/2026 2:34 PM","","","Low","HUN-3","As a candidate","1","","Master","S6","Functional","Yhomarys Pinzon","9/4/2026 2:36 PM","1"
"C478","Validate Last name field containing only special characters.","","Yhomarys Pinzon","9/4/2026 2:36 PM","","","Medium","HUN-3","As a candidate","1","","Master","S6","Functional","Yhomarys Pinzon","9/4/2026 2:38 PM","1"
"C479","Validate leading and trailing spaces in Last name field.","","Yhomarys Pinzon","9/4/2026 2:39 PM","","","Medium","HUN-3","As a candidate","1","","Master","S6","Functional","Yhomarys Pinzon","9/4/2026 2:41 PM","1"
"C480","Validate internal spaces between words in Last name field.","","Yhomarys Pinzon","9/4/2026 2:42 PM","","","Medium","HUN-3","As a candidate","1","","Master","S6","Functional","Yhomarys Pinzon","9/4/2026 2:44 PM","1"
"C481","Validate Last name field length below minimum.","","Yhomarys Pinzon","9/4/2026 2:45 PM","","","Medium","HUN-3","As a candidate","1","","Master","S6","Functional","Yhomarys Pinzon","9/4/2026 2:48 PM","1"
"C482","Validate the minimum character limit for Last name field.","","Yhomarys Pinzon","9/4/2026 2:48 PM","","","Medium","HUN-3","As a candidate","1","","Master","S6","Functional","Yhomarys Pinzon","9/4/2026 2:52 PM","1"
"C483","Validate the maximum character limit for Last name field.","","Yhomarys Pinzon","9/4/2026 2:52 PM","","","Medium","HUN-3","As a candidate","1","","Master","S6","Functional","Yhomarys Pinzon","9/4/2026 2:55 PM","1"
"C484","Validate Last name field length above maximum.","","Yhomarys Pinzon","9/4/2026 2:56 PM","","","High","HUN-3","As a candidate","1","","Master","S6","Functional","Yhomarys Pinzon","9/4/2026 2:59 PM","1"
"C485","Validate the visibility of the CV file section.","","Yhomarys Pinzon","9/4/2026 3:02 PM","","","Medium","HUN-3","As a candidate","1","","Master","S6","Functional","Yhomarys Pinzon","9/4/2026 3:03 PM","1"
"C486","Validate the click action to trigger CV file upload.","","Yhomarys Pinzon","9/4/2026 3:03 PM","","","High","HUN-3","As a candidate","1","","Master","S6","Functional","Yhomarys Pinzon","9/4/2026 3:05 PM","1"
"C487","Validate CV upload with a valid PDF format.","","Yhomarys Pinzon","9/4/2026 3:05 PM","","","High","HUN-3","As a candidate","1","","Master","S6","Functional","Yhomarys Pinzon","9/4/2026 3:07 PM","1"
"C488","Validate CV upload with an invalid file format.","","Yhomarys Pinzon","9/4/2026 3:08 PM","","","High","HUN-3","As a candidate","1","","Master","S6","Functional","Yhomarys Pinzon","9/4/2026 3:18 PM","1"
"C489","Validate empty CV file validation.","","Yhomarys Pinzon","9/4/2026 3:19 PM","","","High","HUN-3","As a candidate","1","","Master","S6","Functional","Yhomarys Pinzon","9/4/2026 3:21 PM","1"
"C490","Validate the visibility of the Linkedin (optional) field.","","Yhomarys Pinzon","9/4/2026 3:48 PM","","","Medium","HUN-3","As a candidate","1","","Master","S6","Functional","Yhomarys Pinzon","9/4/2026 3:49 PM","1"
"C491","Validate that the Linkedin field is optional.","","Yhomarys Pinzon","9/4/2026 3:49 PM","","","High","HUN-3","As a candidate","1","","Master","S6","Functional","Yhomarys Pinzon","9/4/2026 3:50 PM","1"
"C492","Validate a valid Linkedin profile URL format.","","Yhomarys Pinzon","9/4/2026 3:51 PM","","","High","HUN-3","As a candidate","1","","Master","S6","Functional","Yhomarys Pinzon","9/4/2026 4:41 PM","1"
"C493","Validate an invalid URL structure in Linkedin (optional) field.","","Yhomarys Pinzon","9/4/2026 3:55 PM","","","High","HUN-3","As a candidate","1","","Master","S6","Functional","Yhomarys Pinzon","9/4/2026 3:58 PM","1"
"C494","Validate leading and trailing spaces in Linkedin (optional) field.","","Yhomarys Pinzon","9/4/2026 3:58 PM","","","Medium","HUN-3","As a candidate","1","","Master","S6","Functional","Yhomarys Pinzon","9/4/2026 4:00 PM","1"
"C495","Validate URL variations in the LinkedIn field (optional).","","Yhomarys Pinzon","9/4/2026 4:02 PM","","","Medium","HUN-3","As a candidate","1","","Master","S6","Functional","Yhomarys Pinzon","9/4/2026 4:08 PM","1"
"C496","Validate the rejection of corporate URLs in the LinkedIn field (optional).","","Yhomarys Pinzon","9/4/2026 4:07 PM","","","High","HUN-3","As a candidate","1","","Master","S6","Functional","Yhomarys Pinzon","9/4/2026 4:12 PM","1"
"C497","Validate the visibility of the Behance (optional) field.","","Yhomarys Pinzon","9/4/2026 4:19 PM","","","Medium","HUN-3","As a candidate","1","","Master","S6","Functional","Yhomarys Pinzon","9/4/2026 4:20 PM","1"
"C498","Validate that the Behance field is optional.","","Yhomarys Pinzon","9/4/2026 4:21 PM","","","High","HUN-3","As a candidate","1","","Master","S6","Functional","Yhomarys Pinzon","9/4/2026 4:22 PM","1"
"C499","Validate a valid Behance profile URL format.","","Yhomarys Pinzon","9/4/2026 4:23 PM","","","High","HUN-3","As a candidate","1","","Master","S6","Functional","Yhomarys Pinzon","9/6/2026 4:37 PM","1"
"C500","Validate an invalid Behance profile URL format.","","Yhomarys Pinzon","9/4/2026 4:40 PM","","","High","HUN-3","As a candidate","1","","Master","S6","Functional","Yhomarys Pinzon","9/6/2026 4:38 PM","1"
"C501","Validate leading and trailing spaces in Behance (optional) field.","","Yhomarys Pinzon","9/6/2026 4:32 PM","","","Medium","HUN-3","As a candidate","1","","Master","S6","Functional","Yhomarys Pinzon","9/6/2026 4:35 PM","1"
"C502","Validate corporate URL rejection in Behance (optional) field.","","Yhomarys Pinzon","9/6/2026 4:37 PM","","","High","HUN-3","As a candidate","1","","Master","S6","Functional","Yhomarys Pinzon","9/6/2026 5:26 PM","1"
"C503","Validate the visibility of the GitHub (optional) field.","","Yhomarys Pinzon","9/6/2026 4:54 PM","","","Medium","HUN-3","As a candidate","1","","Master","S6","Functional","Yhomarys Pinzon","9/6/2026 4:56 PM","1"
"C504","Validate that the GitHub field is optional.","","Yhomarys Pinzon","9/6/2026 4:56 PM","","","High","HUN-3","As a candidate","1","","Master","S6","Functional","Yhomarys Pinzon","9/6/2026 4:58 PM","1"
"C505","Validate a valid GitHub profile URL format.","","Yhomarys Pinzon","9/6/2026 4:58 PM","","","High","HUN-3","As a candidate","1","","Master","S6","Functional","Yhomarys Pinzon","9/6/2026 5:02 PM","1"
"C506","Validate an invalid GitHub profile URL format.","","Yhomarys Pinzon","9/6/2026 5:03 PM","","","High","HUN-3","As a candidate","1","","Master","S6","Functional","Yhomarys Pinzon","9/6/2026 5:05 PM","1"
"C507","Validate leading and trailing spaces in GitHub field.","","Yhomarys Pinzon","9/6/2026 5:11 PM","","","Medium","HUN-3","As a candidate","1","","Master","S6","Functional","Yhomarys Pinzon","9/6/2026 5:21 PM","1"
"C508","Validate the rejection of corporate URLs in the GitHub field (optional).","","Yhomarys Pinzon","9/6/2026 5:15 PM","","","High","HUN-3","As a candidate","1","","Master","S6","Functional","Yhomarys Pinzon","9/6/2026 5:21 PM","1"
"C509","Validate the visibility of the Activate Profile button.","","Yhomarys Pinzon","9/6/2026 5:28 PM","","","Medium","HUN-3","As a candidate","1","","Master","S6","Functional","Yhomarys Pinzon","9/6/2026 5:30 PM","1"
"C510","Validate the hover effect of the Activate Profile button.","","Yhomarys Pinzon","9/6/2026 5:30 PM","","","Low","HUN-3","As a candidate","1","","Master","S6","Functional","Yhomarys Pinzon","9/6/2026 5:31 PM","1"
"C511","Validate the redirection of the Activate Profile button.","","Yhomarys Pinzon","9/6/2026 5:34 PM","","","High","HUN-3","As a candidate","1","","Master","S6","Functional","Yhomarys Pinzon","9/6/2026 5:40 PM","1"
"C512","Validate the visibility of the profile pending analysis banner.","","Yhomarys Pinzon","9/6/2026 5:44 PM","","","High","HUN-3","As a candidate","1","","Master","S6","Functional","Yhomarys Pinzon","9/6/2026 5:54 PM","1"
"C513","Validate the visibility of the Sign up link on Login page.","","Yhomarys Pinzon","9/6/2026 6:06 PM","","","Medium","HUN-3","4. Sign In","0","","Master","S6","Functional","Yhomarys Pinzon","9/6/2026 6:09 PM","1"
"C514","Validate the hover effect of the Sign up link.","","Yhomarys Pinzon","9/6/2026 6:10 PM","","","Low","HUN-3","4. Sign In","0","","Master","S6","Functional","Yhomarys Pinzon","9/6/2026 6:11 PM","1"
"C515","Validate the redirection of the Sign up link.","","Yhomarys Pinzon","9/6/2026 6:12 PM","","","High","HUN-3","4. Sign In","0","","Master","S6","Functional","Yhomarys Pinzon","9/6/2026 6:14 PM","1"
"C516","Validate the visibility of the Forgot password link on Login page.","","Yhomarys Pinzon","9/6/2026 6:16 PM","","","Medium","HUN-3","4. Sign In","0","","Master","S6","Functional","Yhomarys Pinzon","9/6/2026 6:17 PM","1"
"C517","Validate the hover effect of the Forgot password link.","","Yhomarys Pinzon","9/6/2026 6:17 PM","","","Low","HUN-3","4. Sign In","0","","Master","S6","Functional","Yhomarys Pinzon","9/6/2026 6:18 PM","1"
"C518","Validate the redirection of the Forgot password link.","","Yhomarys Pinzon","9/6/2026 6:18 PM","","","High","HUN-3","4. Sign In","0","","Master","S6","Functional","Yhomarys Pinzon","9/6/2026 6:20 PM","1"
"C519","Validate initiating a chat from the general Candidates list.","","Yhomarys Pinzon","9/6/2026 6:35 PM","","","High","HUN-5","5. Chats","0","","Master","S6","Functional","Yhomarys Pinzon","9/6/2026 6:48 PM","1"
"C520","Validate initiating a chat from the Candidate profile page.","","Yhomarys Pinzon","9/6/2026 6:49 PM","","","High","HUN-5","5. Chats","0","","Master","S6","Functional","Yhomarys Pinzon","9/6/2026 6:51 PM","1"
"C521","Validate the hiding of contact details on the candidate's profile page.","","Yhomarys Pinzon","9/6/2026 7:01 PM","","","Critical","HUN-5","5. Chats","0","","Master","S6","Functional","Yhomarys Pinzon","9/6/2026 7:06 PM","1"
"C522","Validate revealing candidate contact information upon approval.","","Yhomarys Pinzon","9/6/2026 7:08 PM","","","Critical","HUN-5","5. Chats","0","","Master","S6","Functional","Yhomarys Pinzon","9/6/2026 7:14 PM","1"
"C523","Verify profile masking after proposal rejection.","","Yhomarys Pinzon","9/6/2026 7:17 PM","","","Critical","HUN-5","5. Chats","0","","Master","S6","Functional","Yhomarys Pinzon","9/6/2026 7:18 PM","1"
"C524","Validate sending a formal job offer to the candidate.","","Yhomarys Pinzon","9/6/2026 7:20 PM","","","Critical","HUN-5","5. Chats","0","","Master","S6","Functional","Yhomarys Pinzon","9/6/2026 7:22 PM","1"
"C525","Validate marking a conversation thread as rejected.","","Yhomarys Pinzon","9/6/2026 7:22 PM","","","High","HUN-5","5. Chats","0","","Master","S6","Functional","Yhomarys Pinzon","9/6/2026 7:24 PM","1"
"C526","Validate group chat archiving option availability.","","Yhomarys Pinzon","9/6/2026 7:27 PM","","","Medium","HUN-5","5. Chats","0","","Master","S6","Functional","Yhomarys Pinzon","9/6/2026 7:28 PM","1"
"C527","Validate marking a group chat as favorite.","","Yhomarys Pinzon","9/6/2026 7:29 PM","","","High","HUN-5","5. Chats","0","","Master","S6","Functional","Yhomarys Pinzon","9/6/2026 7:30 PM","1"
"C528","Validate archiving a group chat conversation thread.","","Yhomarys Pinzon","9/6/2026 7:30 PM","","","High","HUN-5","5. Chats","0","","Master","S6","Functional","Yhomarys Pinzon","9/6/2026 7:31 PM","1"
"C529","Validate profile switching mechanism in account settings.","","Yhomarys Pinzon","9/7/2026 2:30 PM","","","Critical","HUN-3","6. Profile","0","","Master","S6","Functional","Yhomarys Pinzon","9/7/2026 2:34 PM","1"
"C530","Validate data persistence across dual profile roles.","","Yhomarys Pinzon","9/7/2026 2:34 PM","","","High","HUN-3","6. Profile","0","","Master","S6","Functional","Yhomarys Pinzon","9/7/2026 2:35 PM","1"
"C531","Validate dual role session authentication safety.","","Yhomarys Pinzon","9/7/2026 2:36 PM","","","High","HUN-3","6. Profile","0","","Master","S6","Functional","Yhomarys Pinzon","9/7/2026 2:37 PM","1"
"C532","Validate option availability to create the opposite profile role.","","Yhomarys Pinzon","9/7/2026 2:40 PM","","","High","HUN-3","6. Profile","0","","Master","S6","Functional","Yhomarys Pinzon","9/7/2026 2:41 PM","1"
"C533","Validate independent creation wizard for the new profile role.","","Yhomarys Pinzon","9/7/2026 2:42 PM","","","High","HUN-3","6. Profile","0","","Master","S6","Functional","Yhomarys Pinzon","9/7/2026 2:43 PM","1"
"C534","Validate account switching behavior after opposite profile creation.","","Yhomarys Pinzon","9/7/2026 2:43 PM","","","Critical","HUN-3","6. Profile","0","","Master","S6","Functional","Yhomarys Pinzon","9/7/2026 2:44 PM","1"
"C535","Validate access to the profile editing interface.","","Yhomarys Pinzon","9/7/2026 2:51 PM","","","High","HUN-3","6. Profile","0","","Master","S6","Functional","Yhomarys Pinzon","9/7/2026 2:53 PM","1"
"C536","Validate saving profile modifications.","","Yhomarys Pinzon","9/7/2026 2:56 PM","","","Critical","HUN-3","6. Profile","0","","Master","S6","Functional","Yhomarys Pinzon","9/7/2026 3:08 PM","1"
"C537","Validate navigation between profile editing tabs.","","Yhomarys Pinzon","9/7/2026 3:09 PM","","","Medium","HUN-3","6. Profile","0","","Master","S6","Functional","Yhomarys Pinzon","9/7/2026 3:10 PM","1"
"C538","Validate data loading in profile editing fields.","","Yhomarys Pinzon","9/7/2026 3:10 PM","","","High","HUN-3","6. Profile","0","","Master","S6","Functional","Yhomarys Pinzon","9/7/2026 3:11 PM","1"
"C539","Validate real-time role switching execution.","","Yhomarys Pinzon","9/7/2026 3:17 PM","","","Critical","HUN-3","6. Profile","0","","Master","S6","Functional","Yhomarys Pinzon","9/7/2026 3:18 PM","1"
"C540","Verify active session retention during role toggle.","","Yhomarys Pinzon","9/7/2026 3:18 PM","","","High","HUN-3","6. Profile","0","","Master","S6","Functional","Yhomarys Pinzon","9/7/2026 3:19 PM","1"
"C541","Validate immediate menu navigation layout update.","","Yhomarys Pinzon","9/7/2026 3:20 PM","","","High","HUN-3","6. Profile","0","","Master","S6","Functional","Yhomarys Pinzon","9/7/2026 3:21 PM","1"
"C542","Validate the visibility of social profile connection options.","","Yhomarys Pinzon","9/7/2026 3:24 PM","","","Medium","HUN-3","6. Profile","0","","Master","S6","Functional","Yhomarys Pinzon","9/7/2026 3:25 PM","1"
"C544","Validate the hover effect on the social connect buttons.","","Yhomarys Pinzon","9/7/2026 3:27 PM","","","Low","HUN-3","6. Profile","0","","Master","S6","Functional","Yhomarys Pinzon","9/7/2026 3:29 PM","1"
"C543","Validate successful connection redirection for each social network.","","Yhomarys Pinzon","9/7/2026 3:26 PM","","","Critical","HUN-3","6. Profile","0","","Master","S6","Functional","Yhomarys Pinzon","9/7/2026 3:27 PM","1"
"C545","Validate the visibility of Change Password configuration elements.","","Yhomarys Pinzon","9/7/2026 3:32 PM","","","Medium","HUN-3","6. Profile","0","","Master","S6","Functional","Yhomarys Pinzon","9/7/2026 3:33 PM","1"
"C546","Validate the hover effect on the Change password button.","","Yhomarys Pinzon","9/7/2026 3:34 PM","","","Low","HUN-3","6. Profile","0","","Master","S6","Functional","Yhomarys Pinzon","9/7/2026 3:59 PM","1"
"C547","Validate the redirection of the Change password button.","","Yhomarys Pinzon","9/7/2026 3:36 PM","","","High","HUN-3","6. Profile","0","","Master","S6","Functional","Yhomarys Pinzon","9/7/2026 4:04 PM","1"
"C548","Validate the visibility of the Current password field.","","Yhomarys Pinzon","9/7/2026 3:42 PM","","","Medium","HUN-3","6. Profile","0","","Master","S6","Functional","Yhomarys Pinzon","9/7/2026 4:09 PM","1"
"C549","Verify text masking in Current password field.","","Yhomarys Pinzon","9/7/2026 4:09 PM","","","High","HUN-3","6. Profile","0","","Master","S6","Functional","Yhomarys Pinzon","9/7/2026 4:10 PM","1"
"C550","Validate eye icon visibility toggle in Current password field.","","Yhomarys Pinzon","9/7/2026 4:10 PM","","","High","HUN-3","6. Profile","0","","Master","S6","Functional","Yhomarys Pinzon","9/7/2026 4:11 PM","1"
"C551","Validate empty Current password field submission.","","Yhomarys Pinzon","9/7/2026 4:12 PM","","","High","HUN-3","6. Profile","0","","Master","S6","Functional","Yhomarys Pinzon","9/7/2026 4:14 PM","1"
"C552","Validate Current password field with an incorrect password.","","Yhomarys Pinzon","9/7/2026 4:14 PM","","","High","HUN-3","6. Profile","0","","Master","S6","Functional","Yhomarys Pinzon","9/7/2026 4:23 PM","1"
"C553","Validate the current password field with a valid password.","","Yhomarys Pinzon","9/7/2026 4:24 PM","","","High","HUN-3","6. Profile","0","","Master","S6","Functional","Yhomarys Pinzon","9/7/2026 4:25 PM","1"
"C554","Validate the visibility of the New password field.","","Yhomarys Pinzon","9/7/2026 4:27 PM","","","Medium","HUN-3","6. Profile","0","","Master","S6","Functional","Yhomarys Pinzon","9/7/2026 4:28 PM","1"
"C555","Verify text masking in New password field.","","Yhomarys Pinzon","9/7/2026 4:28 PM","","","High","HUN-3","6. Profile","0","","Master","S6","Functional","Yhomarys Pinzon","9/7/2026 4:29 PM","1"
"C556","Validate eye icon visibility toggle in New password field.","","Yhomarys Pinzon","9/7/2026 4:29 PM","","","High","HUN-3","6. Profile","0","","Master","S6","Functional","Yhomarys Pinzon","9/7/2026 4:30 PM","1"
"C557","Validate empty New password field submission.","","Yhomarys Pinzon","9/7/2026 4:31 PM","","","High","HUN-3","6. Profile","0","","Master","S6","Functional","Yhomarys Pinzon","9/7/2026 4:33 PM","1"
"C558","Validate New password field with a valid format.","","Yhomarys Pinzon","9/7/2026 4:33 PM","","","High","HUN-3","6. Profile","0","","Master","S6","Functional","Yhomarys Pinzon","9/7/2026 4:56 PM","1"
"C559","Validate the new password field with an invalid format.","","Yhomarys Pinzon","9/7/2026 4:36 PM","","","Medium","HUN-3","6. Profile","0","","Master","S6","Functional","Yhomarys Pinzon","9/7/2026 4:52 PM","1"
"C560","Validate rejection of old password in New password field.","","Yhomarys Pinzon","9/7/2026 4:48 PM","","","High","HUN-3","6. Profile","0","","Master","S6","Functional","Yhomarys Pinzon","9/7/2026 4:49 PM","1"
"C561","Validate New password field length below minimum.","","Yhomarys Pinzon","9/7/2026 4:59 PM","","","Medium","","6. Profile","0","","Master","S6","Other","Yhomarys Pinzon","9/7/2026 4:59 PM","0"
"C562","Validate New password below minimum limit.","","Yhomarys Pinzon","9/7/2026 5:05 PM","","","High","HUN-3","6. Profile","0","","Master","S6","Functional","Yhomarys Pinzon","9/7/2026 5:09 PM","1"
"C563","Validate New password field length above maximum.","","Yhomarys Pinzon","9/7/2026 5:10 PM","","","Medium","HUN-3","6. Profile","0","","Master","S6","Functional","Yhomarys Pinzon","9/7/2026 5:15 PM","1"
"C564","Validate the visibility of the Repeat new password field.","","Yhomarys Pinzon","9/7/2026 5:17 PM","","","Medium","HUN-3","6. Profile","0","","Master","S6","Functional","Yhomarys Pinzon","9/7/2026 5:18 PM","1"
"C565","Verify text masking in Repeat new password field.","","Yhomarys Pinzon","9/7/2026 5:19 PM","","","High","HUN-3","6. Profile","0","","Master","S6","Functional","Yhomarys Pinzon","9/7/2026 5:19 PM","1"
"C566","Validate eye icon visibility toggle in Repeat new password field.","","Yhomarys Pinzon","9/7/2026 5:20 PM","","","High","HUN-3","6. Profile","0","","Master","S6","Functional","Yhomarys Pinzon","9/7/2026 5:21 PM","1"
"C567","Validate empty Repeat new password field submission.","","Yhomarys Pinzon","9/7/2026 5:21 PM","","","High","HUN-3","6. Profile","0","","Master","S6","Functional","Yhomarys Pinzon","9/7/2026 5:23 PM","1"
"C568","Validate password mismatch restriction.","","Yhomarys Pinzon","9/7/2026 5:28 PM","","","High","HUN-3","6. Profile","0","","Master","S6","Functional","Yhomarys Pinzon","9/7/2026 5:31 PM","1"
"C569","Verify New password and Confirmation match.","","Yhomarys Pinzon","9/7/2026 5:42 PM","","","High","HUN-3","6. Profile","0","","Master","S6","Functional","Yhomarys Pinzon","9/7/2026 5:44 PM","1"
"C570","Validate the visibility of the Save changes button.","","Yhomarys Pinzon","9/7/2026 5:45 PM","","","Medium","HUN-3","6. Profile","0","","Master","S6","Functional","Yhomarys Pinzon","9/7/2026 5:46 PM","1"
"C571","Validate the hover effect on Save changes button.","","Yhomarys Pinzon","9/7/2026 5:47 PM","","","Low","HUN-3","6. Profile","0","","Master","S6","Functional","Yhomarys Pinzon","9/7/2026 5:48 PM","1"
"C572","Validate credentials update upon clicking Save changes button.","","Yhomarys Pinzon","9/7/2026 5:54 PM","","","High","HUN-3","6. Profile","0","","Master","S6","Functional","Yhomarys Pinzon","9/7/2026 6:00 PM","1"
"C573","Validate the visibility of the Cancel button","","Yhomarys Pinzon","9/7/2026 6:03 PM","","","Medium","HUN-3","6. Profile","0","","Master","S6","Functional","Yhomarys Pinzon","9/7/2026 6:04 PM","1"
"C574","Validate the hover effect on Cancel button.","","Yhomarys Pinzon","9/7/2026 6:05 PM","","","Low","HUN-3","6. Profile","0","","Master","S6","Functional","Yhomarys Pinzon","9/7/2026 6:06 PM","1"
"C575","Validate form cancellation upon clicking Cancel button.","","Yhomarys Pinzon","9/7/2026 6:06 PM","","","High","HUN-3","6. Profile","0","","Master","S6","Functional","Yhomarys Pinzon","9/7/2026 6:07 PM","1"
"C576","Validate the visibility of the candidate profile toggle switch.","","Yhomarys Pinzon","9/7/2026 6:12 PM","","","Medium","HUN-3","6. Profile","0","","Master","S6","Functional","Yhomarys Pinzon","9/7/2026 6:13 PM","1"
"C577","Validate deactivating the candidate profile status.","","Yhomarys Pinzon","9/7/2026 6:14 PM","","","Critical","HUN-3","6. Profile","0","","Master","S6","Functional","Yhomarys Pinzon","9/7/2026 6:15 PM","1"
"C578","Validate reactivating the candidate profile status.","","Yhomarys Pinzon","9/7/2026 6:15 PM","","","High","HUN-3","6. Profile","0","","Master","S6","Functional","Yhomarys Pinzon","9/7/2026 6:19 PM","1"
"C579","Validate admin access to the profile editing controls of any user.","","Yhomarys Pinzon","9/7/2026 6:21 PM","","","Critical","HUN-3","6. Profile","0","","Master","S6","Functional","Yhomarys Pinzon","9/7/2026 6:23 PM","1"
"C580","Validate successful third party profile data modification by an admin.","","Yhomarys Pinzon","9/7/2026 6:23 PM","","","Critical","HUN-3","6. Profile","0","","Master","S6","Functional","Yhomarys Pinzon","9/7/2026 6:24 PM","1"
"C581","Validate non admin restriction to edit other users profiles.","","Yhomarys Pinzon","9/7/2026 6:25 PM","","","Critical","HUN-3","6. Profile","0","","Master","S6","Functional","Yhomarys Pinzon","9/7/2026 6:26 PM","1"
"C582","Validate the visibility of the Top 100 Web3 Companies section.","","Yhomarys Pinzon","9/7/2026 6:37 PM","","","Medium","HUN-13","7. Footer","0","","Master","S6","Functional","Yhomarys Pinzon","9/10/2026 3:28 PM","1"
"C583","Validate redirection of individual partner company links.","","Yhomarys Pinzon","9/7/2026 6:40 PM","","","High","HUN-13","7. Footer","0","","Master","S6","Functional","Yhomarys Pinzon","9/10/2026 3:28 PM","1"
"C584","Validate the visibility of the View Top 100 button.","","Yhomarys Pinzon","9/7/2026 6:41 PM","","","Medium","HUN-13","7. Footer","0","","Master","S6","Functional","Yhomarys Pinzon","9/10/2026 3:28 PM","1"
"C585","Validate the hover effect on View Top 100 button.","","Yhomarys Pinzon","9/7/2026 6:46 PM","","","Low","HUN-13","7. Footer","0","","Master","S6","Functional","Yhomarys Pinzon","9/10/2026 3:29 PM","1"
"C586","Validate redirection of the View Top 100 action button.","","Yhomarys Pinzon","9/7/2026 6:48 PM","","","High","HUN-13","7. Footer","0","","Master","S6","Functional","Yhomarys Pinzon","9/10/2026 3:29 PM","1"
"C587","Validate the layout visibility of the three structured columns.","","Yhomarys Pinzon","9/7/2026 6:54 PM","","","Medium","HUN-13","7. Footer","0","","Master","S6","Functional","Yhomarys Pinzon","9/10/2026 3:29 PM","1"
"C588","Validate the hover state effect on footer category links.","","Yhomarys Pinzon","9/7/2026 6:56 PM","","","Low","HUN-13","7. Footer","0","","Master","S6","Functional","Yhomarys Pinzon","9/10/2026 3:29 PM","1"
"C589","Validate redirection of Web3 columns links.","","Yhomarys Pinzon","9/7/2026 7:00 PM","","","High","HUN-13","7. Footer","0","","Master","S6","Functional","Yhomarys Pinzon","9/10/2026 3:30 PM","1"
"C590","Validate the visibility of footer social media icons.","","Yhomarys Pinzon","9/7/2026 7:14 PM","","","Medium","HUN-13","7. Footer","0","","Master","S6","Functional","Yhomarys Pinzon","9/10/2026 3:30 PM","1"
"C591","Validate the hover effect on footer social media icons.","","Yhomarys Pinzon","9/7/2026 7:28 PM","","","Low","HUN-13","7. Footer","0","","Master","S6","Functional","Yhomarys Pinzon","9/10/2026 3:30 PM","1"
"C592","Validate external redirection of footer social media links.","","Yhomarys Pinzon","9/7/2026 7:31 PM","","","High","HUN-13","7. Footer","0","","Master","S6","Functional","Yhomarys Pinzon","9/10/2026 3:30 PM","1"
"C593","Validate the visibility of corporate navigation links.","","Yhomarys Pinzon","9/7/2026 7:41 PM","","","Medium","HUN-13","7. Footer","0","","Master","S6","Functional","Yhomarys Pinzon","9/10/2026 3:30 PM","1"
"C594","Validate the hover cursor state on corporate links.","","Yhomarys Pinzon","9/7/2026 7:42 PM","","","Low","HUN-13","7. Footer","0","","Master","S6","Functional","Yhomarys Pinzon","9/10/2026 3:31 PM","1"
"C595","Validate navigation of About us, FAQs, and Pricing links.","","Yhomarys Pinzon","9/7/2026 7:43 PM","","","High","HUN-13","7. Footer","0","","Master","S6","Functional","Yhomarys Pinzon","9/10/2026 3:31 PM","1"
"C596","Verify the loading and visibility of the Top 100 Web3 companies table.","","Yhomarys Pinzon","9/8/2026 1:24 PM","","","High","HUN-6","8. Web3 companies and Jobs","0","","Master","S6","Functional","Yhomarys Pinzon","9/8/2026 2:03 PM","1"
"C597","Verify pagination format and strict layout increments.","","Yhomarys Pinzon","9/8/2026 1:44 PM","","","High","HUN-6","8. Web3 companies and Jobs","0","","Master","S6","Functional","Yhomarys Pinzon","9/8/2026 2:11 PM","1"
"C598","Verify hover effect on company logos and names.","","Yhomarys Pinzon","9/8/2026 2:12 PM","","","Medium","HUN-6","8. Web3 companies and Jobs","0","","Master","S6","Functional","Yhomarys Pinzon","9/8/2026 2:46 PM","1"
"C599","Verify company logo redirection to job openings in a new tab.","","Yhomarys Pinzon","9/8/2026 2:24 PM","","","High","HUN-6","8. Web3 companies and Jobs","0","","Master","S6","Functional","Yhomarys Pinzon","9/8/2026 2:40 PM","1"
"C600","Verify company name redirection to job openings in a new tab.","","Yhomarys Pinzon","9/8/2026 2:37 PM","","","High","HUN-6","8. Web3 companies and Jobs","0","","Master","S6","Functional","Yhomarys Pinzon","9/8/2026 2:42 PM","1"
"C601","Verify visibility of Post a Job button.","","Yhomarys Pinzon","9/8/2026 3:10 PM","","","Medium","HUN-6","8. Web3 companies and Jobs","0","","Master","S6","Functional","Yhomarys Pinzon","9/8/2026 3:18 PM","1"
"C602","Check hover interaction on Post a job button and dropdown menu.","","Yhomarys Pinzon","9/8/2026 3:19 PM","","","Medium","HUN-6","8. Web3 companies and Jobs","0","","Master","S6","Functional","Yhomarys Pinzon","9/8/2026 3:28 PM","1"
"C603","Verify redirection of the Add job manually button.","","Yhomarys Pinzon","9/8/2026 3:29 PM","","","High","HUN-6","8. Web3 companies and Jobs","0","","Master","S6","Functional","Yhomarys Pinzon","9/8/2026 3:35 PM","1"
"C604","Verify redirection of the Import jobs from ATS button.","","Yhomarys Pinzon","9/8/2026 3:35 PM","","","High","HUN-6","8. Web3 companies and Jobs","0","","Master","S6","Functional","Yhomarys Pinzon","9/8/2026 3:36 PM","1"
"C605","Verify visibility of the 1-Click Apply button on the Jobs board.","","Yhomarys Pinzon","9/8/2026 3:43 PM","","","Medium","HUN-6","8. Web3 companies and Jobs","0","","Master","S6","Functional","Yhomarys Pinzon","9/8/2026 3:44 PM","1"
"C606","Check the redirection of the 1-click apply button for logged recruiters.","","Yhomarys Pinzon","9/8/2026 3:48 PM","","","High","HUN-6","8. Web3 companies and Jobs","0","","Master","S6","Functional","Yhomarys Pinzon","9/8/2026 4:00 PM","1"
"C607","Check the redirection of the 1-click apply button for non-logged users.","","Yhomarys Pinzon","9/8/2026 4:01 PM","","","High","HUN-6","8. Web3 companies and Jobs","0","","Master","S6","Functional","Yhomarys Pinzon","9/8/2026 4:03 PM","1"
"C608","Verify successful application for authorized candidates.","","Yhomarys Pinzon","9/8/2026 4:05 PM","","","High","HUN-6","8. Web3 companies and Jobs","0","","Master","S6","Functional","Yhomarys Pinzon","9/8/2026 4:07 PM","1"
"C609","Verify visibility and interaction of skill filtering tags.","","Yhomarys Pinzon","9/8/2026 4:14 PM","","","Medium","HUN-6","8. Web3 companies and Jobs","0","","Master","S6","Functional","Yhomarys Pinzon","9/8/2026 4:16 PM","1"
"C610","Verify skill tag button click interaction and filtering.","","Yhomarys Pinzon","9/8/2026 4:22 PM","","","High","HUN-6","8. Web3 companies and Jobs","0","","Master","S6","Functional","Yhomarys Pinzon","9/8/2026 4:25 PM","1"
"C611","Verify restricted job list visibility for visitor users.","","Yhomarys Pinzon","9/8/2026 4:29 PM","","","High","HUN-6","8. Web3 companies and Jobs","0","","Master","S6","Functional","Yhomarys Pinzon","9/8/2026 4:37 PM","1"
"C612","Verify the redirect when clicking the View more button.","","Yhomarys Pinzon","9/8/2026 4:40 PM","","","High","HUN-6","8. Web3 companies and Jobs","0","","Master","S6","Functional","Yhomarys Pinzon","9/8/2026 4:43 PM","1"
"C613","Check the visibility of the job notification sign-up form.","","Yhomarys Pinzon","9/8/2026 4:46 PM","","","Medium","HUN-13","8. Web3 companies and Jobs","0","","Master","S6","Functional","Yhomarys Pinzon","9/10/2026 3:36 PM","1"
"C614","Check the visibility and expansion of the drop-down list in the Desired Roles field.","","Yhomarys Pinzon","9/8/2026 4:59 PM","","","Medium","HUN-13","8. Web3 companies and Jobs","0","","Master","S6","Functional","Yhomarys Pinzon","9/10/2026 3:36 PM","1"
"C615","Verify hover effect and single/multiple role selection.","","Yhomarys Pinzon","9/8/2026 5:06 PM","","","High","HUN-13","8. Web3 companies and Jobs","0","","Master","S6","Functional","Yhomarys Pinzon","9/10/2026 3:36 PM","1"
"C616","Verify the removal of the function tag.","","Yhomarys Pinzon","9/8/2026 5:10 PM","","","High","HUN-13","8. Web3 companies and Jobs","0","","Master","S6","Functional","Yhomarys Pinzon","9/10/2026 3:36 PM","1"
"C617","Verify search filtering by typing valid role names.","","Yhomarys Pinzon","9/8/2026 5:13 PM","","","Medium","HUN-13","8. Web3 companies and Jobs","0","","Master","S6","Functional","Yhomarys Pinzon","9/10/2026 3:37 PM","1"
"C618","Verify dropdown behavior when typing invalid role names.","","Yhomarys Pinzon","9/8/2026 5:14 PM","","","Medium","HUN-13","8. Web3 companies and Jobs","0","","Master","S6","Functional","Yhomarys Pinzon","9/10/2026 3:37 PM","1"
"C619","Validate empty Desired roles field on form submission.","","Yhomarys Pinzon","9/8/2026 5:21 PM","","","High","HUN-13","8. Web3 companies and Jobs","0","","Master","S6","Functional","Yhomarys Pinzon","9/10/2026 3:37 PM","1"
"C620","Verify visibility and expansion of Your Experience dropdown.","","Yhomarys Pinzon","9/8/2026 5:31 PM","","","Medium","HUN-13","8. Web3 companies and Jobs","0","","Master","S6","Functional","Yhomarys Pinzon","9/10/2026 3:37 PM","1"
"C621","Verify hover effect and single option selection.","","Yhomarys Pinzon","9/8/2026 5:34 PM","","","High","HUN-13","8. Web3 companies and Jobs","0","","Master","S6","Functional","Yhomarys Pinzon","9/10/2026 3:38 PM","1"
"C622","Verify changing a previously selected experience option.","","Yhomarys Pinzon","9/8/2026 5:36 PM","","","High","HUN-13","8. Web3 companies and Jobs","0","","Master","S6","Functional","Yhomarys Pinzon","9/10/2026 3:38 PM","1"
"C623","Validate empty Your experience field on form submission.","","Yhomarys Pinzon","9/8/2026 5:38 PM","","","High","HUN-13","8. Web3 companies and Jobs","0","","Master","S6","Functional","Yhomarys Pinzon","9/10/2026 3:38 PM","1"
"C624","Validate empty email field on form submission.","","Yhomarys Pinzon","9/8/2026 5:45 PM","","","High","HUN-13","8. Web3 companies and Jobs","0","","Master","S6","Functional","Yhomarys Pinzon","9/10/2026 3:39 PM","1"
"C625","Validate the email field with an invalid format.","","Yhomarys Pinzon","9/8/2026 5:48 PM","","","High","HUN-13","8. Web3 companies and Jobs","0","","Master","S6","Functional","Yhomarys Pinzon","9/10/2026 3:39 PM","1"
"C626","Verify the form submission using a valid email format.","","Yhomarys Pinzon","9/8/2026 5:53 PM","","","High","HUN-13","8. Web3 companies and Jobs","0","","Master","S6","Functional","Yhomarys Pinzon","9/10/2026 3:39 PM","1"
"C627","Verify email validation for already registered users.","","Yhomarys Pinzon","9/8/2026 5:54 PM","","","Medium","HUN-13","8. Web3 companies and Jobs","0","","Master","S6","Functional","Yhomarys Pinzon","9/10/2026 3:39 PM","1"
"C628","Verify visibility and hover effect of the Receive Jobs button.","","Yhomarys Pinzon","9/8/2026 5:58 PM","","","Medium","HUN-13","8. Web3 companies and Jobs","0","","Master","S6","Functional","Yhomarys Pinzon","9/10/2026 3:39 PM","1"
"C629","Verify click interaction and successful form submission.","","Yhomarys Pinzon","9/8/2026 6:01 PM","","","High","HUN-13","8. Web3 companies and Jobs","0","","Master","S6","Functional","Yhomarys Pinzon","9/10/2026 3:40 PM","1"
